policy_id,customer_id,product_type,coverage_amount,annual_premium,policy_start_date,policy_end_date,agent_id,status
POL50000,CUST10981,Whole,678451.61,35791.33,2021-05-03,2022-05-03,AGT5097,Lapsed
POL50001,CUST10668,Vehicle,620860.29,32059.9,2021-01-12,2022-01-12,AGT5176,Cancelled
POL50002,CUST11630,Whole,621616.05,33588.95,2022-11-29,2023-11-29,AGT5083,Lapsed
POL50003,CUST11199,Vehicle,460719.82,24120.8,2024-06-08,2025-06-08,AGT5083,Active
POL50004,CUST10019,Health,425070.15,20226.38,2022-10-20,2023-10-20,AGT5007,Active
POL50005,CUST11386,Whole,396231.38,19809.52,2020-12-16,2021-12-16,AGT5060,Active
POL50006,CUST11165,Term,440303.44,21593.99,2024-07-30,2025-07-30,AGT5256,Active
POL50007,CUST10931,Property,514545.29,24005.55,2021-06-03,2022-06-03,AGT5179,Lapsed
POL50008,CUST10398,Whole,593179.09,28012.15,2022-06-18,2023-06-18,AGT5110,Active
POL50009,CUST10249,Health,395783.0,18938.84,2025-02-04,2026-02-04,AGT5006,Active
POL50010,CUST11048,Whole,599665.29,28026.22,2023-05-24,2024-05-24,AGT5102,Active
POL50011,CUST10724,Vehicle,477535.01,22526.8,2026-07-28,2027-07-28,AGT5114,Lapsed
POL50012,CUST11424,Vehicle,473997.31,25673.56,2025-07-04,2026-07-04,AGT5035,Cancelled
POL50013,CUST10433,Health,681780.47,33020.26,2026-08-10,2027-08-10,AGT5182,Active
POL50014,CUST11061,Health,697320.59,37149.87,2024-01-25,2025-01-25,AGT5198,Active
POL50015,CUST10415,Term,691063.82,31542.85,2026-01-15,2027-01-15,AGT5299,Active
POL50016,CUST11060,Vehicle,398560.17,21848.31,2024-06-10,2025-06-10,AGT5107,Active
POL50017,CUST10082,Health,605021.1,31853.1,2023-11-15,2024-11-15,AGT5082,Active
POL50018,CUST10656,Term,449569.42,24306.94,2024-03-31,2025-03-31,AGT5246,Active
POL50019,CUST10290,Term,598657.93,30088.02,2022-10-10,2023-10-10,AGT5105,Active
POL50020,CUST11003,Property,729079.75,37434.88,2022-05-19,2023-05-19,AGT5189,Lapsed
POL50021,CUST10523,Term,526544.63,25594.38,2025-05-20,2026-05-20,AGT5221,Active
POL50022,CUST11277,Whole,742604.05,36625.46,2024-12-17,2025-12-17,AGT5263,Active
POL50023,CUST10189,Vehicle,645764.7,33907.44,2024-09-15,2025-09-15,AGT5095,Cancelled
POL50024,CUST10921,Property,500889.55,22790.32,2024-12-16,2025-12-16,AGT5186,Lapsed
POL50025,CUST10980,Whole,421543.12,19123.52,2023-10-17,2024-10-17,AGT5039,Cancelled
POL50026,CUST10041,Whole,698910.24,37565.87,2022-02-27,2023-02-27,AGT5233,Active
POL50027,CUST10061,Vehicle,551146.46,25407.89,2022-08-22,2023-08-22,AGT5013,Lapsed
POL50028,CUST10506,Vehicle,405478.14,21170.14,2024-03-02,2025-03-02,AGT5208,Lapsed
POL50029,CUST11011,Whole,424702.11,19959.06,2025-08-11,2026-08-11,AGT5062,Lapsed
POL50030,CUST11591,Health,688436.48,33500.76,2022-11-03,2023-11-03,AGT5138,Active
POL50031,CUST10150,Property,478555.75,22939.81,2021-04-05,2022-04-05,AGT5022,Active
POL50032,CUST11165,Vehicle,743371.47,37096.73,2024-12-10,2025-12-10,AGT5206,Active
POL50033,CUST11147,Term,641362.38,34163.2,2025-08-23,2026-08-23,AGT5144,Active
POL50034,CUST11107,Term,496137.36,26670.03,2021-03-01,2022-03-01,AGT5199,Lapsed
POL50035,CUST10855,Property,532735.23,25155.99,2021-01-17,2022-01-17,AGT5104,Lapsed
POL50036,CUST11599,Whole,684159.8,33097.25,2026-01-02,2027-01-02,AGT5002,Active
POL50037,CUST10830,Term,547610.81,29225.53,2023-07-13,2024-07-13,AGT5174,Active
POL50038,CUST11382,Vehicle,406255.79,18645.66,2023-05-08,2024-05-08,AGT5209,Active
POL50039,CUST10433,Whole,473478.44,21860.01,2022-11-21,2023-11-21,AGT5199,Lapsed
POL50040,CUST11327,Health,651120.74,32423.09,2023-10-31,2024-10-31,AGT5078,Active
POL50041,CUST11644,Term,647090.43,34232.02,2024-03-15,2025-03-15,AGT5214,Cancelled
POL50042,CUST11507,Whole,577891.2,27946.68,2023-10-15,2024-10-15,AGT5162,Active
POL50043,CUST10498,Term,475156.6,21711.96,2023-01-16,2024-01-16,AGT5063,Active
POL50044,CUST11398,Vehicle,557395.25,30477.63,2022-04-04,2023-04-04,AGT5033,Active
POL50045,CUST10158,Property,688706.89,37458.16,2023-09-01,2024-09-01,AGT5097,Active
POL50046,CUST11122,Property,416394.13,21452.22,2023-03-20,2024-03-20,AGT5006,Active
POL50047,CUST10568,Vehicle,754022.24,39072.5,2023-04-25,2024-04-25,AGT5214,Active
POL50048,CUST11089,Whole,716008.58,38905.72,2026-04-05,2027-04-05,AGT5004,Active
POL50049,CUST10686,Vehicle,498191.07,25626.27,2023-08-12,2024-08-12,AGT5014,Active
POL50050,CUST10017,Health,654701.85,34623.33,2026-07-07,2027-07-07,AGT5047,Active
POL50051,CUST10391,Vehicle,635688.09,31552.48,2025-08-13,2026-08-13,AGT5097,Active
POL50052,CUST10074,Health,583224.05,27574.85,2021-07-16,2022-07-16,AGT5005,Active
POL50053,CUST10708,Whole,438788.26,23398.53,2021-06-08,2022-06-08,AGT5188,Active
POL50054,CUST11386,Vehicle,720428.17,37349.75,2024-12-09,2025-12-09,AGT5039,Active
POL50055,CUST11221,Property,558381.59,26744.03,2021-06-13,2022-06-13,AGT5240,Lapsed
POL50056,CUST11301,Term,687931.39,35244.62,2024-11-25,2025-11-25,AGT5167,Active
POL50057,CUST11329,Vehicle,491219.99,26115.63,2025-11-08,2026-11-08,AGT5025,Active
POL50058,CUST10618,Vehicle,494425.39,23585.8,2021-05-19,2022-05-19,AGT5120,Lapsed
POL50059,CUST10839,Vehicle,742652.51,39124.06,2021-12-13,2022-12-13,AGT5042,Lapsed
POL50060,CUST10843,Whole,576214.07,26346.49,2023-07-07,2024-07-07,AGT5294,Lapsed
POL50061,CUST10187,Whole,408057.92,20912.76,2025-02-25,2026-02-25,AGT5177,Active
POL50062,CUST10988,Property,706747.06,38863.55,2026-05-04,2027-05-04,AGT5242,Active
POL50063,CUST11198,Property,472483.56,25355.24,2022-11-21,2023-11-21,AGT5112,Active
POL50064,CUST11015,Whole,723320.19,38883.22,2026-05-21,2027-05-21,AGT5044,Lapsed
POL50065,CUST11236,Term,731121.81,37874.72,2024-04-13,2025-04-13,AGT5070,Lapsed
POL50066,CUST10199,Health,375468.1,18627.68,2023-02-15,2024-02-15,AGT5125,Lapsed
POL50067,CUST11261,Vehicle,598158.25,30967.94,2021-05-25,2022-05-25,AGT5231,Lapsed
POL50068,CUST10356,Health,693533.44,33436.58,2024-02-08,2025-02-08,AGT5129,Active
POL50069,CUST11451,Health,675821.87,34147.71,2020-11-30,2021-11-30,AGT5278,Active
POL50070,CUST10409,Health,533835.15,26903.58,2021-08-05,2022-08-05,AGT5108,Active
POL50071,CUST10814,Property,646989.88,32632.42,2022-11-26,2023-11-26,AGT5069,Active
POL50072,CUST10807,Health,561491.71,27580.4,2026-08-15,2027-08-15,AGT5148,Lapsed
POL50073,CUST10443,Whole,463252.54,22480.73,2022-06-29,2023-06-29,AGT5033,Active
POL50074,CUST10597,Vehicle,624833.08,30181.65,2023-08-04,2024-08-04,AGT5200,Active
POL50075,CUST10316,Vehicle,503927.37,23809.21,2025-06-03,2026-06-03,AGT5030,Active
POL50076,CUST10941,Whole,515119.19,25439.4,2021-07-11,2022-07-11,AGT5192,Active
POL50077,CUST11511,Whole,546695.44,25245.0,2024-03-18,2025-03-18,AGT5114,Cancelled
POL50078,CUST10523,Whole,713088.1,38517.98,2020-12-18,2021-12-18,AGT5107,Lapsed
POL50079,CUST10842,Health,433421.04,19805.97,2026-01-15,2027-01-15,AGT5183,Lapsed
POL50080,CUST11424,Term,477177.02,25468.94,2026-01-03,2027-01-03,AGT5211,Active
POL50081,CUST10747,Whole,387825.87,18387.79,2021-12-19,2022-12-19,AGT5278,Active
POL50082,CUST11370,Health,404252.4,21640.52,2025-08-03,2026-08-03,AGT5086,Active
POL50083,CUST10736,Whole,761791.53,39767.55,2023-08-10,2024-08-10,AGT5243,Lapsed
POL50084,CUST10725,Whole,552039.93,29925.95,2021-05-29,2022-05-29,AGT5250,Active
POL50085,CUST10263,Whole,460138.41,24710.5,2022-10-07,2023-10-07,AGT5298,Active
POL50086,CUST10209,Property,756787.5,39361.18,2025-11-23,2026-11-23,AGT5289,Lapsed
POL50087,CUST11016,Health,359491.25,16722.38,2023-03-07,2024-03-07,AGT5237,Lapsed
POL50088,CUST11364,Term,566209.48,28588.17,2024-02-11,2025-02-11,AGT5088,Active
POL50089,CUST10225,Term,688455.71,33320.07,2024-01-26,2025-01-26,AGT5208,Active
POL50090,CUST11507,Term,676332.82,36425.77,2026-01-28,2027-01-28,AGT5235,Cancelled
POL50091,CUST10595,Property,457848.65,24596.68,2025-05-12,2026-05-12,AGT5087,Lapsed
POL50092,CUST10706,Health,597726.39,28774.77,2023-07-11,2024-07-11,AGT5244,Lapsed
POL50093,CUST11480,Whole,624581.11,32301.46,2024-12-29,2025-12-29,AGT5210,Active
POL50094,CUST11482,Vehicle,633254.41,30638.65,2024-04-22,2025-04-22,AGT5147,Active
POL50095,CUST10868,Whole,487450.35,25241.11,2025-03-31,2026-03-31,AGT5258,Lapsed
POL50096,CUST10453,Whole,697132.74,35650.47,2023-09-14,2024-09-14,AGT5026,Active
POL50097,CUST10288,Vehicle,589391.78,29534.12,2023-06-10,2024-06-10,AGT5205,Active
POL50098,CUST10445,Property,664155.05,35720.96,2023-05-17,2024-05-17,AGT5235,Lapsed
POL50099,CUST11288,Whole,746735.8,35440.46,2023-05-15,2024-05-15,AGT5012,Lapsed
POL50100,CUST10535,Term,707872.21,37499.29,2025-11-15,2026-11-15,AGT5122,Lapsed
POL50101,CUST11152,Term,679961.75,35286.67,2022-08-16,2023-08-16,AGT5155,Lapsed
POL50102,CUST10333,Whole,496514.77,23739.7,2025-06-22,2026-06-22,AGT5062,Active
POL50103,CUST10790,Property,405822.0,19973.28,2024-08-29,2025-08-29,AGT5263,Active
POL50104,CUST10582,Property,606238.12,27699.11,2023-02-17,2024-02-17,AGT5187,Active
POL50105,CUST10834,Health,362079.57,18457.28,2022-01-26,2023-01-26,AGT5082,Lapsed
POL50106,CUST10941,Property,659963.06,35558.09,2023-01-17,2024-01-17,AGT5131,Active
POL50107,CUST11637,Vehicle,656518.59,30316.84,2023-12-02,2024-12-02,AGT5033,Lapsed
POL50108,CUST11488,Vehicle,590780.46,27364.94,2026-06-04,2027-06-04,AGT5026,Cancelled
POL50109,CUST11152,Health,408853.17,20338.67,2026-01-05,2027-01-05,AGT5223,Lapsed
POL50110,CUST10257,Whole,722152.75,34527.78,2025-02-02,2026-02-02,AGT5295,Active
POL50111,CUST11525,Vehicle,603258.23,28817.22,2024-07-19,2025-07-19,AGT5083,Active
POL50112,CUST11477,Vehicle,572629.16,29425.52,2025-11-14,2026-11-14,AGT5073,Active
POL50113,CUST11467,Whole,603522.83,29634.52,2024-12-01,2025-12-01,AGT5205,Active
POL50114,CUST10790,Vehicle,409331.32,21877.32,2024-02-08,2025-02-08,AGT5153,Lapsed
POL50115,CUST10287,Whole,670068.27,33027.04,2025-06-14,2026-06-14,AGT5041,Active
POL50116,CUST11249,Property,408398.6,20890.71,2024-12-01,2025-12-01,AGT5200,Active
POL50117,CUST10648,Whole,607679.44,29763.48,2024-01-15,2025-01-15,AGT5062,Active
POL50118,CUST10571,Whole,450163.98,21409.9,2021-06-01,2022-06-01,AGT5034,Active
POL50119,CUST10653,Term,460738.29,22904.83,2024-01-12,2025-01-12,AGT5139,Lapsed
POL50120,CUST10927,Whole,474802.89,24786.99,2021-10-29,2022-10-29,AGT5221,Active
POL50121,CUST10551,Term,386957.6,21100.06,2024-05-21,2025-05-21,AGT5156,Active
POL50122,CUST11142,vehcle,721736.51,32782.48,2024-02-19,2025-02-19,AGT5194,Cancelled
POL50123,CUST11073,Term,688315.76,34634.86,2020-12-27,2021-12-27,AGT5071,Lapsed
POL50124,CUST10843,Whole,397045.28,20392.11,2024-02-04,2025-02-04,AGT5148,Lapsed
POL50125,CUST10090,Term,403240.19,18491.47,2021-10-23,2022-10-23,AGT5213,Active
POL50126,CUST11551,Term,680167.52,36247.29,2023-07-13,2024-07-13,AGT5158,Active
POL50127,CUST10685,Health,352381.15,16829.55,2026-01-20,2027-01-20,AGT5071,Cancelled
POL50128,CUST10743,Whole,565564.58,30398.6,2021-05-24,2022-05-24,AGT5286,Lapsed
POL50129,CUST10754,Term,422433.9,21343.92,2026-04-17,2027-04-17,AGT5020,Active
POL50130,CUST10605,Health,557071.28,25915.4,2021-10-01,2022-10-01,AGT5273,Cancelled
POL50131,CUST11117,Property,769361.06,40308.53,2020-10-14,2021-10-14,AGT5217,Lapsed
POL50132,CUST10026,Property,451228.28,21014.73,2025-05-24,2026-05-24,AGT5033,Lapsed
POL50133,CUST11444,Property,753323.28,39326.33,2022-02-22,2023-02-22,AGT5076,Active
POL50134,CUST10169,Whole,718209.24,38123.97,2024-11-27,2025-11-27,AGT5110,Active
POL50135,CUST11647,Vehicle,750653.18,38099.62,2025-12-31,2026-12-31,AGT5287,Active
POL50136,CUST11047,Vehicle,667619.3,31852.73,2023-05-04,2024-05-04,AGT5155,Active
POL50137,CUST10111,Term,708443.31,34978.24,2025-07-07,2026-07-07,AGT5077,Active
POL50138,CUST10933,Property,613920.09,30868.03,2024-04-25,2025-04-25,AGT5275,Lapsed
POL50139,CUST10548,Whole,718904.37,37137.03,2023-01-31,2024-01-31,AGT5035,Active
POL50140,CUST11575,Term,424041.93,21770.0,2020-12-10,2021-12-10,AGT5244,Active
POL50141,CUST11251,Property,670536.91,32859.15,2025-11-05,2026-11-05,AGT5249,Active
POL50142,CUST10841,Term,621358.05,32672.04,2020-10-23,2021-10-23,AGT5115,Active
POL50143,CUST10711,Vehicle,400621.97,21118.45,2023-04-18,2024-04-18,AGT5012,Lapsed
POL50144,CUST11643,Property,497262.29,25839.4,2023-03-01,2024-03-01,AGT5265,Active
POL50145,CUST11104,Whole,468201.12,22343.28,2025-10-31,2026-10-31,AGT5290,Active
POL50146,CUST10853,Property,540992.55,26884.06,2022-07-30,2023-07-30,AGT5113,Lapsed
POL50147,CUST10666,Health,419423.67,20689.15,2022-03-20,2023-03-20,AGT5055,Active
POL50148,CUST10535,Vehicle,481885.61,25620.86,2021-05-12,2022-05-12,AGT5081,Active
POL50149,CUST11170,Vehicle,489899.39,26004.74,2021-04-08,2022-04-08,AGT5040,Active
POL50150,CUST10971,Health,559933.81,30046.5,2021-09-06,2022-09-06,AGT5182,Active
POL50151,CUST11402,Term,432954.34,20483.83,2021-07-15,2022-07-15,AGT5155,Lapsed
POL50152,CUST10915,Property,477823.98,25078.37,2022-03-17,2023-03-17,AGT5106,Lapsed
POL50153,CUST10959,Health,461001.82,24757.64,2021-03-18,2022-03-18,AGT5195,Lapsed
POL50154,CUST10788,Vehicle,547747.68,25560.59,2022-07-07,2023-07-07,AGT5186,Active
POL50155,CUST11262,Health,363331.02,16495.0,2023-02-12,2024-02-12,AGT5003,Active
POL50156,CUST10691,Term,762699.17,35126.18,2021-09-08,2022-09-08,AGT5122,Active
POL50157,CUST11408,Health,455137.2,23240.23,2024-05-11,2025-05-11,AGT5259,Lapsed
POL50158,CUST10541,Vehicle,486616.36,23949.54,2022-08-17,2023-08-17,AGT5238,Active
POL50159,CUST11147,Health,544204.71,25550.69,2020-11-01,2021-11-01,AGT5256,Active
POL50160,CUST11478,Property,713802.39,35892.15,2021-01-09,2022-01-09,AGT5286,Active
POL50161,CUST11273,Whole,560871.61,29645.0,2023-01-05,2024-01-05,AGT5018,Active
POL50162,CUST10569,Term,476432.16,25516.84,2022-08-05,2023-08-05,AGT5081,Active
POL50163,CUST11171,Vehicle,591900.94,31084.99,2023-02-24,2024-02-24,AGT5137,Lapsed
POL50164,CUST10355,Health,519029.89,27952.41,2022-08-14,2023-08-14,AGT5153,Lapsed
POL50165,CUST10100,Property,547883.81,27965.01,2022-12-05,2023-12-05,AGT5235,Lapsed
POL50166,CUST11304,Property,763794.94,40764.3,2025-08-22,2026-08-22,AGT5217,Lapsed
POL50167,CUST11330,Vehicle,754469.2,37098.66,2021-05-26,2022-05-26,AGT5211,Active
POL50168,CUST10041,Property,601348.37,32187.04,2021-11-21,2022-11-21,AGT5047,Lapsed
POL50169,CUST11571,Whole,411181.51,22186.59,2025-03-09,2026-03-09,AGT5203,Lapsed
POL50170,CUST10735,Term,597779.06,31003.26,2024-03-10,2025-03-10,AGT5238,Lapsed
POL50171,CUST11498,Property,751701.78,37066.76,2023-08-19,2024-08-19,AGT5225,Active
POL50172,CUST11299,Health,673992.39,32228.12,2025-03-10,2026-03-10,AGT5174,Active
POL50173,CUST11489,Vehicle,459459.32,22169.74,2022-12-26,2023-12-26,AGT5026,Cancelled
POL50174,CUST11374,Vehicle,449865.16,20839.35,2021-05-13,2022-05-13,AGT5044,Active
POL50175,CUST11610,Term,439585.61,19988.67,2021-01-13,2022-01-13,AGT5222,Active
POL50176,CUST11049,Vehicle,687878.48,33805.22,2023-06-18,2024-06-18,AGT5260,Active
POL50177,CUST10387,Term,568456.0,25823.07,2023-02-12,2024-02-12,AGT5247,Active
POL50178,CUST10649,Whole,515147.93,27717.99,2023-07-31,2024-07-31,AGT5128,Active
POL50179,CUST11244,Vehicle,500777.11,25789.81,2023-02-13,2024-02-13,AGT5176,Active
POL50180,CUST10263,Term,486570.15,26000.69,2022-01-28,2023-01-28,AGT5052,Lapsed
POL50181,CUST11540,Property,724808.61,35837.56,2025-12-28,2026-12-28,AGT5177,Active
POL50182,CUST10352,Whole,542726.76,25638.16,2022-04-15,2023-04-15,AGT5058,Cancelled
POL50183,CUST11449,Vehicle,470238.7,22525.74,2026-06-15,2027-06-15,AGT5238,Cancelled
POL50184,CUST10800,Term,652519.43,34940.67,2024-09-21,2025-09-21,AGT5235,Active
POL50185,CUST11388,Whole,629650.0,29101.75,2022-02-24,2023-02-24,AGT5015,Active
POL50186,CUST11585,Property,660415.74,34330.17,2024-01-01,2025-01-01,AGT5280,Active
POL50187,CUST10700,Health,637684.64,30135.0,2025-05-21,2026-05-21,AGT5238,Active
POL50188,CUST11153,Property,423974.98,20576.23,2022-07-02,2023-07-02,AGT5113,Active
POL50189,CUST10386,Property,385765.67,17371.21,2023-02-11,2024-02-11,AGT5135,Active
POL50190,CUST11317,Health,367698.18,18308.02,2021-03-05,2022-03-05,AGT5023,Active
POL50191,CUST11354,Vehicle,645167.85,29860.64,2024-06-27,2025-06-27,AGT5280,Lapsed
POL50192,CUST10485,Property,744781.17,39917.64,2021-11-22,2022-11-22,AGT5030,Lapsed
POL50193,CUST10043,Health,465886.88,21420.21,2026-06-25,2027-06-25,AGT5276,Active
POL50194,CUST10713,Health,623417.96,29614.65,2022-11-30,2023-11-30,AGT5196,Active
POL50195,CUST10284,Property,665736.04,30056.64,2026-08-02,2027-08-02,AGT5275,Active
POL50196,CUST11350,Property,761553.71,41831.21,2025-05-14,2026-05-14,AGT5111,Active
POL50197,CUST10432,Whole,566255.34,29113.67,2023-11-25,2024-11-25,AGT5268,Lapsed
POL50198,CUST11563,Term,444856.84,22881.55,2023-03-20,2024-03-20,AGT5127,Active
POL50199,CUST11607,Term,673435.78,33798.8,2026-02-21,2027-02-21,AGT5105,Active
POL50200,CUST11504,Term,693879.4,37247.83,2023-05-21,2024-05-21,AGT5101,Active
POL50201,CUST10991,Whole,657310.53,30526.74,2020-09-05,2021-09-05,AGT5285,Lapsed
POL50202,CUST10440,Property,717324.94,37966.95,2023-06-18,2024-06-18,AGT5139,Active
POL50203,CUST11329,Health,479913.9,25469.62,2025-08-25,2026-08-25,AGT5143,Active
POL50204,CUST11162,Vehicle,638939.07,28983.1,2022-05-30,2023-05-30,AGT5193,Active
POL50205,CUST11614,Health,442347.02,20492.51,2026-07-04,2027-07-04,AGT5166,Cancelled
POL50206,CUST10629,Property,556879.46,28106.54,2020-09-04,2021-09-04,AGT5162,Lapsed
POL50207,CUST10100,Term,474010.76,21758.0,2026-04-11,2027-04-11,AGT5113,Lapsed
POL50208,CUST11646,Vehicle,436413.73,20870.9,2023-07-26,2024-07-26,AGT5049,Active
POL50209,CUST11382,Term,395216.16,19380.11,2024-04-05,2025-04-05,AGT5298,Active
POL50210,CUST10377,Vehicle,631798.37,29424.22,2025-09-17,2026-09-17,AGT5147,Active
POL50211,CUST11205,Vehicle,708853.23,36889.76,2022-12-15,2023-12-15,AGT5291,Active
POL50212,CUST10001,Property,506051.48,25277.58,2022-10-13,2023-10-13,AGT5138,Lapsed
POL50213,CUST10925,Property,550255.62,28282.13,2024-06-19,2025-06-19,AGT5179,Lapsed
POL50214,CUST10600,Property,386365.58,19218.98,2024-03-08,2025-03-08,AGT5163,Active
POL50215,CUST10636,Term,539004.1,26478.49,2023-09-26,2024-09-26,AGT5289,Active
POL50216,CUST10409,Whole,493309.01,24627.91,2020-12-11,2021-12-11,AGT5033,Active
POL50217,CUST10451,Health,550970.01,29749.71,2025-02-09,2026-02-09,AGT5155,Active
POL50218,CUST10751,Vehicle,721419.5,35320.98,2024-01-20,2025-01-20,AGT5046,Active
POL50219,CUST10414,Vehicle,569325.67,29276.22,2022-06-23,2023-06-23,AGT5260,Active
POL50220,CUST10769,Vehicle,633351.35,33782.72,2023-01-17,2024-01-17,AGT5159,Active
POL50221,CUST10953,Property,656610.89,33625.62,2021-05-30,2022-05-30,AGT5276,Lapsed
POL50222,CUST11179,Health,403351.17,19062.64,2021-07-06,2022-07-06,AGT5082,Lapsed
POL50223,CUST11121,Property,518429.68,23961.61,2024-01-05,2025-01-05,AGT5048,Active
POL50224,CUST10405,Health,389600.94,19834.11,2022-05-08,2023-05-08,AGT5188,Cancelled
POL50225,CUST10067,Health,504261.31,26359.73,2023-04-07,2024-04-07,AGT5043,Lapsed
POL50226,CUST11373,Property,726604.99,38282.91,2024-05-03,2025-05-03,AGT5111,Lapsed
POL50227,CUST11443,Term,564976.45,29343.76,2026-06-02,2027-06-02,AGT5094,Active
POL50228,CUST11616,Whole,560618.9,25247.22,2022-08-01,2023-08-01,AGT5066,Lapsed
POL50229,CUST11587,Term,461356.93,24331.23,2024-10-07,2025-10-07,AGT5039,Active
POL50230,CUST11056,Health,458576.05,23408.58,2022-09-24,2023-09-24,AGT5196,Active
POL50231,CUST11480,Property,745590.84,40919.38,2022-03-29,2023-03-29,AGT5227,Active
POL50232,CUST10740,Property,501653.2,26409.97,2025-03-10,2026-03-10,AGT5118,Lapsed
POL50233,CUST11297,Property,666583.84,32863.96,2023-05-23,2024-05-23,AGT5084,Active
POL50234,CUST11579,Whole,401224.54,20767.98,2022-02-24,2023-02-24,AGT5047,Active
POL50235,CUST11312,Term,430451.78,22021.64,2026-07-28,2027-07-28,AGT5203,Active
POL50236,CUST10691,Vehicle,495738.65,23980.83,2022-09-21,2023-09-21,AGT5242,Active
POL50237,CUST10630,Vehicle,718737.09,36177.84,2023-06-07,2024-06-07,AGT5164,Lapsed
POL50238,CUST10477,Property,469427.29,22083.65,2024-04-09,2025-04-09,AGT5129,Active
POL50239,CUST10608,Vehicle,652709.46,29945.2,2020-10-07,2021-10-07,AGT5194,Active
POL50240,CUST11354,Term,445410.58,23308.44,2024-10-28,2025-10-28,AGT5274,Active
POL50241,CUST11162,Whole,620944.19,30327.71,2024-07-21,2025-07-21,AGT5296,Active
POL50242,CUST10415,Vehicle,599821.07,31524.88,2020-09-07,2021-09-07,AGT5058,Cancelled
POL50243,CUST11180,Health,567681.77,28317.88,2023-07-14,2024-07-14,AGT5143,Active
POL50244,CUST10631,Whole,495216.46,26294.95,2026-01-30,2027-01-30,AGT5262,Active
POL50245,CUST10925,Property,447409.65,23442.52,2024-09-16,2025-09-16,AGT5189,Lapsed
POL50246,CUST10614,Health,660270.01,34757.48,2023-02-25,2024-02-25,AGT5244,Active
POL50247,CUST10863,Vehicle,593249.81,29243.25,2026-01-17,2027-01-17,AGT5298,Active
POL50248,CUST11212,Term,462394.47,25252.19,2024-11-22,2025-11-22,AGT5031,Cancelled
POL50249,CUST11213,Property,544131.69,26691.04,2025-04-01,2026-04-01,AGT5183,Active
POL50250,CUST11246,Property,410830.22,21745.83,2023-11-26,2024-11-26,AGT5159,Lapsed
POL50251,CUST10653,Property,568019.8,28341.85,2025-05-25,2026-05-25,AGT5085,Lapsed
POL50252,CUST11144,Whole,548197.95,25957.64,2024-07-26,2025-07-26,AGT5196,Lapsed
POL50253,CUST10401,Whole,436099.6,22367.17,2021-02-19,2022-02-19,AGT5031,Active
POL50254,CUST10788,Whole,556083.35,27632.39,2020-11-09,2021-11-09,AGT5148,Lapsed
POL50255,CUST10961,Property,631219.95,30071.76,2025-08-31,2026-08-31,AGT5124,Lapsed
POL50256,CUST11137,Whole,742468.82,36251.28,2024-09-14,2025-09-14,AGT5117,Active
POL50257,CUST11510,Property,655726.3,30556.43,2024-09-15,2025-09-15,AGT5184,Active
POL50258,CUST10501,Whole,578437.59,31739.13,2022-10-16,2023-10-16,AGT5283,Active
POL50259,CUST11396,Whole,681469.68,35049.24,2025-07-20,2026-07-20,AGT5284,Lapsed
POL50260,CUST10511,Term,488295.31,22820.7,2025-08-21,2026-08-21,AGT5210,Lapsed
POL50261,CUST10911,Whole,642480.92,33823.98,2022-10-27,2023-10-27,AGT5099,Active
POL50262,CUST11365,Health,351771.76,17946.97,2021-09-26,2022-09-26,AGT5289,Lapsed
POL50263,CUST11201,Term,409178.26,21369.54,2025-04-13,2026-04-13,AGT5299,Active
POL50264,CUST11426,Health,568492.97,28904.95,2024-11-08,2025-11-08,AGT5253,Active
POL50265,CUST11344,Term,454957.66,20748.19,2020-09-21,2021-09-21,AGT5261,Lapsed
POL50266,CUST10453,Property,650160.89,30578.63,2023-06-14,2024-06-14,AGT5245,Active
POL50267,CUST11639,Whole,630150.01,33200.99,2026-04-17,2027-04-17,AGT5228,Active
POL50268,CUST11552,Vehicle,402066.03,21125.96,2023-05-05,2024-05-05,AGT5217,Lapsed
POL50269,CUST10712,Term,531237.48,27910.55,2022-01-01,2023-01-01,AGT5191,Active
POL50270,CUST10080,Property,621005.85,28039.75,2020-10-16,2021-10-16,AGT5193,Cancelled
POL50271,CUST10497,Health,599718.57,31815.97,2022-05-12,2023-05-12,AGT5116,Lapsed
POL50272,CUST11378,Term,692836.11,34220.06,2026-03-15,2027-03-15,AGT5266,Active
POL50273,CUST11574,Property,512220.52,26603.0,2022-10-27,2023-10-27,AGT5190,Active
POL50274,CUST11371,Term,700707.17,33438.3,2021-03-19,2022-03-19,AGT5184,Active
POL50275,CUST10664,Vehicle,511908.17,26975.15,2024-05-09,2025-05-09,AGT5222,Active
POL50276,CUST10098,Whole,387689.93,21254.25,2022-06-29,2023-06-29,AGT5022,Active
POL50277,CUST10857,Property,619852.27,29464.92,2024-12-24,2025-12-24,AGT5275,Active
POL50278,CUST10626,Vehicle,469350.73,24801.42,2022-01-29,2023-01-29,AGT5174,Active
POL50279,CUST10206,Term,428951.47,21897.76,2023-08-21,2024-08-21,AGT5283,Active
POL50280,CUST10175,Term,480063.5,22913.89,2022-11-07,2023-11-07,AGT5030,Lapsed
POL50281,CUST10255,Health,639769.9,30672.85,2022-05-11,2023-05-11,AGT5070,Lapsed
POL50282,CUST10353,Term,730191.5,38200.97,2026-02-06,2027-02-06,AGT5284,Cancelled
POL50283,CUST11247,Vehicle,741521.32,35476.95,2024-11-30,2025-11-30,AGT5207,Lapsed
POL50284,CUST10637,Whole,501589.69,22811.26,2021-12-05,2022-12-05,AGT5194,Active
POL50285,CUST10717,Term,555436.8,29848.95,2021-11-06,2022-11-06,AGT5121,Lapsed
POL50286,CUST10990,Term,687663.71,34994.86,2025-08-07,2026-08-07,AGT5166,Active
POL50287,CUST11588,Property,507392.54,26681.1,2023-01-19,2024-01-19,AGT5163,Active
POL50288,CUST11253,Property,533280.13,27214.48,2025-11-22,2026-11-22,AGT5059,Cancelled
POL50289,CUST11071,Term,472020.22,23678.69,2024-02-02,2025-02-02,AGT5169,Active
POL50290,CUST11230,Health,550328.56,29002.22,2023-08-21,2024-08-21,AGT5154,Active
POL50291,CUST11196,Vehicle,627202.81,28425.81,2023-12-26,2024-12-26,AGT5093,Lapsed
POL50292,CUST11144,Whole,507599.19,24425.1,2024-08-19,2025-08-19,AGT5102,Lapsed
POL50293,CUST10825,Whole,394328.75,20219.08,2024-01-26,2025-01-26,AGT5230,Active
POL50294,CUST10937,Term,662248.83,36052.66,2024-10-07,2025-10-07,AGT5202,Active
POL50295,CUST10762,Vehicle,611073.78,29903.82,2024-01-24,2025-01-24,AGT5140,Active
POL50296,CUST10661,Whole,469314.53,25696.34,2021-01-24,2022-01-24,AGT5181,Active
POL50297,CUST10444,Health,460126.69,24180.95,2021-06-11,2022-06-11,AGT5072,Active
POL50298,CUST10588,Term,746638.83,37219.17,2021-01-23,2022-01-23,AGT5149,Active
POL50299,CUST10708,Health,570571.24,28124.36,2022-03-26,2023-03-26,AGT5168,Active
POL50300,CUST10955,Term,608674.76,28178.25,2024-02-04,2025-02-04,AGT5075,Active
POL50301,CUST10828,Property,631280.93,32291.25,2022-01-15,2023-01-15,AGT5050,Lapsed
POL50302,CUST10178,Term,745620.59,33943.29,2023-10-24,2024-10-24,AGT5157,Active
POL50303,CUST10562,Term,511156.24,25195.27,2025-05-14,2026-05-14,AGT5282,Active
POL50304,CUST10625,Whole,493152.65,23364.14,2021-10-28,2022-10-28,AGT5138,Active
POL50305,CUST11172,Term,525227.26,28657.9,2024-09-28,2025-09-28,AGT5270,Active
POL50306,CUST10550,Whole,693365.4,33720.19,2026-08-17,2027-08-17,AGT5255,Active
POL50307,CUST10015,Health,392335.61,19574.62,2024-10-31,2025-10-31,AGT5223,Active
POL50308,CUST10143,Property,464627.51,22652.88,2023-11-15,2024-11-15,AGT5268,Active
POL50309,CUST10826,Vehicle,464276.8,21529.49,2022-03-11,2023-03-11,AGT5123,Cancelled
POL50310,CUST10322,Health,572732.09,27792.29,2024-01-13,2025-01-13,AGT5227,Active
POL50311,CUST10820,Health,574554.06,30330.7,2023-05-26,2024-05-26,AGT5043,Cancelled
POL50312,CUST10947,Health,480160.23,24589.94,2026-04-20,2027-04-20,AGT5095,Active
POL50313,CUST11546,Term,486867.35,24038.66,2024-07-08,2025-07-08,AGT5169,Active
POL50314,CUST11084,Vehicle,663258.43,35289.13,2026-05-02,2027-05-02,AGT5011,Active
POL50315,CUST10053,Term,393603.69,17728.5,2020-12-25,2021-12-25,AGT5229,Active
POL50316,CUST10634,Whole,669414.02,35657.01,2026-04-22,2027-04-22,AGT5277,Active
POL50317,CUST11307,Health,423595.9,19314.01,2023-04-09,2024-04-09,AGT5031,Active
POL50318,CUST10431,Whole,732569.17,39340.96,2026-08-24,2027-08-24,AGT5297,Active
POL50319,CUST11532,Property,544271.9,29649.6,2022-04-26,2023-04-26,AGT5026,Cancelled
POL50320,CUST10873,Vehicle,620788.23,33020.78,2024-10-02,2025-10-02,AGT5038,Active
POL50321,CUST10154,Whole,431573.18,19505.35,2023-06-22,2024-06-22,AGT5228,Active
POL50322,CUST10404,Property,482745.5,24263.79,2022-11-04,2023-11-04,AGT5205,Active
POL50323,CUST11501,Whole,654734.31,34889.46,2025-03-24,2026-03-24,AGT5280,Active
POL50324,CUST11637,Vehicle,586034.36,29565.53,2025-12-23,2026-12-23,AGT5127,Active
POL50325,CUST11426,Health,619667.08,30115.43,2022-01-08,2023-01-08,AGT5171,Active
POL50326,CUST10528,Whole,601909.9,29919.11,2022-05-05,2023-05-05,AGT5044,Active
POL50327,CUST11272,Health,549265.91,25160.19,2023-03-12,2024-03-12,AGT5207,Cancelled
POL50328,CUST10378,Term,708925.8,35420.16,2023-05-14,2024-05-14,AGT5299,Active
POL50329,CUST10642,Vehicle,538532.79,24383.94,2020-09-14,2021-09-14,AGT5179,Lapsed
POL50330,CUST11155,Health,663265.65,34119.15,2021-11-03,2022-11-03,AGT5279,Active
POL50331,CUST11603,Vehicle,518697.36,25366.65,2021-03-01,2022-03-01,AGT5118,Active
POL50332,CUST10722,Property,511508.77,23996.63,2024-02-08,2025-02-08,AGT5294,Cancelled
POL50333,CUST10823,Health,622797.45,28134.15,2020-10-28,2021-10-28,AGT5161,Lapsed
POL50334,CUST10375,Vehicle,382364.54,20732.26,2025-02-05,2026-02-05,AGT5043,Cancelled
POL50335,CUST10673,Health,410267.24,20744.42,2026-07-17,2027-07-17,AGT5108,Active
POL50336,CUST10106,Vehicle,405127.45,20851.72,2023-03-21,2024-03-21,AGT5147,Cancelled
POL50337,CUST11420,Property,582160.46,30734.33,2021-02-13,2022-02-13,AGT5020,Lapsed
POL50338,CUST10042,Whole,626807.34,32133.85,2022-03-04,2023-03-04,AGT5268,Lapsed
POL50339,CUST11133,Whole,388994.74,19111.72,2021-08-29,2022-08-29,AGT5071,Lapsed
POL50340,CUST10448,Whole,447163.47,22928.7,2022-07-16,2023-07-16,AGT5202,Lapsed
POL50341,CUST10786,Whole,501478.42,23832.85,2024-06-06,2025-06-06,AGT5275,Cancelled
POL50342,CUST10461,Health,452979.22,22926.87,2021-04-03,2022-04-03,AGT5130,Active
POL50343,CUST10668,Vehicle,414716.17,19514.83,2023-07-22,2024-07-22,AGT5182,Active
POL50344,CUST10902,Property,451546.27,24462.17,2025-07-10,2026-07-10,AGT5155,Active
POL50345,CUST11065,Health,646468.12,32385.26,2024-03-24,2025-03-24,AGT5229,Lapsed
POL50346,CUST11558,Property,654723.74,30993.58,2024-06-06,2025-06-06,AGT5011,Cancelled
POL50347,CUST10549,Vehicle,489923.68,25180.28,2022-09-05,2023-09-05,AGT5107,Lapsed
POL50348,CUST10965,Property,486411.87,22327.86,2022-03-05,2023-03-05,AGT5183,Active
POL50349,CUST11491,Health,378069.72,18654.03,2021-04-27,2022-04-27,AGT5027,Lapsed
POL50350,CUST10475,Vehicle,509886.44,27360.33,2022-02-07,2023-02-07,AGT5257,Lapsed
POL50351,CUST11430,Health,489324.33,25776.91,2022-09-20,2023-09-20,AGT5189,Active
POL50352,CUST11584,Health,666463.58,34679.03,2020-12-31,2021-12-31,AGT5000,Lapsed
POL50353,CUST11401,Vehicle,658897.74,32751.19,2022-09-04,2023-09-04,AGT5003,Active
POL50354,CUST10941,Health,517703.82,25610.18,2025-06-09,2026-06-09,AGT5047,Active
POL50355,CUST11199,Whole,436920.05,19710.82,2026-05-03,2027-05-03,AGT5199,Active
POL50356,CUST10793,Whole,637622.23,32518.98,2025-04-30,2026-04-30,AGT5155,Active
POL50357,CUST10987,Whole,745364.74,37842.23,2024-05-23,2025-05-23,AGT5144,Lapsed
POL50358,CUST11610,Health,377315.7,16999.13,2025-04-04,2026-04-04,AGT5168,Active
POL50359,CUST10417,Vehicle,698773.74,32402.44,2024-06-04,2025-06-04,AGT5148,Lapsed
POL50360,CUST11306,Whole,454344.1,20501.99,2024-02-24,2025-02-24,AGT5103,Lapsed
POL50361,CUST10839,Vehicle,643084.19,30566.94,2021-03-09,2022-03-09,AGT5002,Cancelled
POL50362,CUST10299,Property,455784.57,20527.87,2021-01-14,2022-01-14,AGT5008,Lapsed
POL50363,CUST11070,Whole,616005.22,30291.25,2020-11-15,2021-11-15,AGT5206,Lapsed
POL50364,CUST11306,Property,476485.46,23711.79,2022-07-21,2023-07-21,AGT5223,Active
POL50365,CUST10939,Whole,593553.75,29304.23,2025-10-05,2026-10-05,AGT5071,Active
POL50366,CUST11380,Health,560055.25,26319.18,2021-01-23,2022-01-23,AGT5072,Lapsed
POL50367,CUST10606,Term,617465.5,31018.75,2021-06-09,2022-06-09,AGT5122,Active
POL50368,CUST11512,Health,588979.61,31298.93,2026-03-10,2027-03-10,AGT5193,Active
POL50369,CUST11074,Whole,411576.39,19719.51,2023-04-29,2024-04-29,AGT5178,Lapsed
POL50370,CUST11322,Property,655804.15,31561.07,2022-06-25,2023-06-25,AGT5167,Active
POL50371,CUST10447,Health,404109.2,20378.52,2024-06-06,2025-06-06,AGT5011,Lapsed
POL50372,CUST10736,Whole,645657.49,30563.84,2021-01-25,2022-01-25,AGT5129,Active
POL50373,CUST11506,Whole,432754.48,20935.74,2024-09-27,2025-09-27,AGT5225,Lapsed
POL50374,CUST10086,Whole,569574.66,28207.83,2024-01-11,2025-01-11,AGT5177,Cancelled
POL50375,CUST10674,Vehicle,524198.47,25613.92,2022-06-11,2023-06-11,AGT5242,Active
POL50376,CUST11288,Health,688571.22,36619.82,2022-12-18,2023-12-18,AGT5208,Active
POL50377,CUST11230,Property,627861.53,33584.27,2021-04-01,2022-04-01,AGT5269,Lapsed
POL50378,CUST11408,Health,380872.07,18673.69,2025-03-09,2026-03-09,AGT5171,Active
POL50379,CUST11222,Health,595310.26,29454.68,2022-01-26,2023-01-26,AGT5170,Active
POL50380,CUST11571,Health,417948.44,22807.0,2024-04-09,2025-04-09,AGT5167,Active
POL50381,CUST10827,Vehicle,486164.84,24323.25,2024-08-19,2025-08-19,AGT5079,Lapsed
POL50382,CUST11041,Term,525876.02,28886.54,2020-09-26,2021-09-26,AGT5130,Lapsed
POL50383,CUST11401,Vehicle,671413.22,35335.15,2022-12-23,2023-12-23,AGT5050,Active
POL50384,CUST11162,Property,748471.16,35658.9,2025-06-12,2026-06-12,AGT5129,Lapsed
POL50385,CUST10168,Term,734133.87,34717.87,2025-12-14,2026-12-14,AGT5044,Active
POL50386,CUST10608,Property,450713.2,20999.02,2024-05-22,2025-05-22,AGT5147,Lapsed
POL50387,CUST10913,Vehicle,400836.29,21268.96,2022-09-17,2023-09-17,AGT5286,Lapsed
POL50388,CUST11249,Whole,703985.21,33839.6,2026-04-20,2027-04-20,AGT5135,Active
POL50389,CUST10898,Health,450876.39,23336.43,2025-05-16,2026-05-16,AGT5221,Active
POL50390,CUST11285,Whole,609388.05,30713.99,2023-05-26,2024-05-26,AGT5131,Lapsed
POL50391,CUST11380,Property,761771.57,40571.93,2022-08-23,2023-08-23,AGT5271,Lapsed
POL50392,CUST10436,Term,452620.0,23766.25,2021-10-29,2022-10-29,AGT5063,Lapsed
POL50393,CUST11026,Property,529319.52,24156.81,2021-04-16,2022-04-16,AGT5250,Lapsed
POL50394,CUST10923,Health,653659.63,31626.85,2024-03-30,2025-03-30,AGT5217,Lapsed
POL50395,CUST10387,Vehicle,623692.65,31309.99,2021-01-29,2022-01-29,AGT5266,Active
POL50396,CUST10812,Property,745957.91,39562.91,2025-05-30,2026-05-30,AGT5039,Lapsed
POL50397,CUST10905,Vehicle,616789.9,32159.6,2021-11-01,2022-11-01,AGT5268,Lapsed
POL50398,CUST11349,Property,501874.44,25341.67,2024-02-11,2025-02-11,AGT5272,Active
POL50399,CUST10762,Whole,694966.81,36891.45,2024-07-01,2025-07-01,AGT5088,Active
POL50400,CUST10139,Term,671159.12,33121.22,2022-03-18,2023-03-18,AGT5187,Active
POL50401,CUST10807,Whole,744443.29,33914.3,2023-03-14,2024-03-14,AGT5175,Active
POL50402,CUST11381,Term,563157.68,30244.58,2025-01-08,2026-01-08,AGT5014,Cancelled
POL50403,CUST10943,Term,573333.19,28819.13,2023-05-05,2024-05-05,AGT5157,Lapsed
POL50404,CUST10526,Health,463338.09,24595.85,2022-02-17,2023-02-17,AGT5197,Lapsed
POL50405,CUST11528,Vehicle,479590.65,23461.97,2025-06-16,2026-06-16,AGT5061,Lapsed
POL50406,CUST10262,Whole,768663.21,39113.83,2021-01-13,2022-01-13,AGT5108,Active
POL50407,CUST10540,Health,692039.43,33433.07,2022-07-18,2023-07-18,AGT5175,Active
POL50408,CUST10717,Vehicle,578206.36,28387.47,2023-04-16,2024-04-16,AGT5278,Active
POL50409,CUST11221,Health,684279.95,31801.21,2026-06-07,2027-06-07,AGT5018,Active
POL50410,CUST11377,Term,517373.3,27118.66,2025-03-14,2026-03-14,AGT5280,Active
POL50411,CUST10100,Whole,712247.81,34047.47,2022-07-17,2023-07-17,AGT5244,Cancelled
POL50412,CUST11305,Health,572203.86,27475.69,2025-12-26,2026-12-26,AGT5253,Active
POL50413,CUST11198,Whole,661070.45,32089.61,2025-04-29,2026-04-29,AGT5014,Active
POL50414,CUST11480,Property,661508.13,32626.42,2021-07-23,2022-07-23,AGT5170,Lapsed
POL50415,CUST11489,Whole,629794.03,31969.38,2022-07-11,2023-07-11,AGT5110,Active
POL50416,CUST11285,Health,648314.8,33600.9,2022-09-24,2023-09-24,AGT5275,Active
POL50417,CUST10323,Health,487204.64,25216.2,2022-11-20,2023-11-20,AGT5222,Active
POL50418,CUST10518,Term,705465.58,34734.87,2020-09-20,2021-09-20,AGT5194,Cancelled
POL50419,CUST11551,Term,451472.89,22491.89,2024-03-11,2025-03-11,AGT5008,Active
POL50420,CUST10989,Health,419985.8,19488.69,2024-09-28,2025-09-28,AGT5262,Active
POL50421,CUST10891,Health,601070.13,30182.77,2021-01-06,2022-01-06,AGT5146,Active
POL50422,CUST11516,Property,673800.01,36230.61,2023-09-19,2024-09-19,AGT5048,Cancelled
POL50423,CUST11446,Health,665805.38,33026.94,2025-09-07,2026-09-07,AGT5262,Cancelled
POL50424,CUST11209,Term,486291.53,26444.6,2025-10-29,2026-10-29,AGT5271,Cancelled
POL50425,CUST11462,Term,402890.5,18757.71,2023-03-17,2024-03-17,AGT5148,Active
POL50426,CUST10187,Term,575100.46,30117.49,2021-11-05,2022-11-05,AGT5198,Active
POL50427,CUST11254,Vehicle,708878.7,36918.32,2021-11-16,2022-11-16,AGT5183,Lapsed
POL50428,CUST11597,Term,752114.22,38971.02,2026-02-15,2027-02-15,AGT5090,Lapsed
POL50429,CUST10083,Vehicle,702258.34,36256.6,2025-05-21,2026-05-21,AGT5224,Lapsed
POL50430,CUST10379,Term,568418.39,25705.63,2022-09-21,2023-09-21,AGT5299,Active
POL50431,CUST11308,Vehicle,704358.49,36923.33,2024-09-05,2025-09-05,AGT5280,Active
POL50432,CUST10861,Term,463129.91,23155.03,2024-11-03,2025-11-03,AGT5206,Active
POL50433,CUST10146,Term,732926.22,36823.58,2026-07-26,2027-07-26,AGT5108,Lapsed
POL50434,CUST10441,Term,597751.73,27202.92,2024-04-09,2025-04-09,AGT5272,Lapsed
POL50435,CUST10533,Whole,534904.98,25078.38,2022-08-29,2023-08-29,AGT5278,Active
POL50436,CUST10530,Property,608931.86,32949.35,2024-02-22,2025-02-22,AGT5001,Active
POL50437,CUST11453,Whole,686843.16,33075.13,2026-06-15,2027-06-15,AGT5101,Cancelled
POL50438,CUST11095,Health,434042.53,21241.52,2024-05-15,2025-05-15,AGT5165,Lapsed
POL50439,CUST11216,Vehicle,416510.57,19531.03,2023-03-09,2024-03-09,AGT5173,Lapsed
POL50440,CUST10026,Vehicle,655119.4,33621.98,2021-08-24,2022-08-24,AGT5213,Lapsed
POL50441,CUST10708,Whole,751700.55,39394.38,2023-05-26,2024-05-26,AGT5154,Lapsed
POL50442,CUST10524,Health,572942.33,31060.7,2025-05-29,2026-05-29,AGT5004,Active
POL50443,CUST11408,Property,439894.63,22267.75,2020-12-04,2021-12-04,AGT5049,Lapsed
POL50444,CUST11577,Vehicle,621199.67,29666.2,2021-12-27,2022-12-27,AGT5228,Cancelled
POL50445,CUST10702,Whole,429903.36,19650.72,2020-09-11,2021-09-11,AGT5208,Active
POL50446,CUST11608,Vehicle,492732.36,23484.16,2022-01-04,2023-01-04,AGT5195,Lapsed
POL50447,CUST10027,Term,393554.52,20143.56,2022-01-20,2023-01-20,AGT5132,Active
POL50448,CUST10538,Health,520625.57,28499.58,2024-06-01,2025-06-01,AGT5082,Active
POL50449,CUST11280,Whole,508721.36,23295.36,2022-02-08,2023-02-08,AGT5092,Lapsed
POL50450,CUST10596,Term,418704.6,20467.82,2025-01-30,2026-01-30,AGT5206,Active
POL50451,CUST11528,Health,458159.56,23674.18,2026-05-23,2027-05-23,AGT5151,Active
POL50452,CUST10372,Term,628548.0,31896.11,2022-08-30,2023-08-30,AGT5039,Lapsed
POL50453,CUST11311,Health,451178.54,23243.33,2025-02-11,2026-02-11,AGT5119,Lapsed
POL50454,CUST10344,Vehicle,432081.26,21445.09,2021-11-27,2022-11-27,AGT5247,Active
POL50455,CUST10336,Term,589340.23,28094.07,2021-10-11,2022-10-11,AGT5179,Cancelled
POL50456,CUST10734,Whole,674992.5,33633.2,2026-08-12,2027-08-12,AGT5259,Active
POL50457,CUST11566,Health,640549.47,31268.65,2022-11-07,2023-11-07,AGT5152,Lapsed
POL50458,CUST10967,Property,566757.39,29524.08,2021-02-11,2022-02-11,AGT5145,Active
POL50459,CUST11059,Term,652774.13,30495.16,2020-11-07,2021-11-07,AGT5284,Lapsed
POL50460,CUST10018,Property,705831.18,35264.37,2021-05-13,2022-05-13,AGT5152,Lapsed
POL50461,CUST10098,Term,638207.24,34840.13,2022-06-01,2023-06-01,AGT5040,Active
POL50462,CUST10112,Health,534544.99,26897.2,2021-11-03,2022-11-03,AGT5120,Lapsed
POL50463,CUST11354,Health,370978.78,17574.04,2024-03-09,2025-03-09,AGT5194,Active
POL50464,CUST10398,Vehicle,487632.99,26507.0,2025-04-08,2026-04-08,AGT5103,Active
POL50465,CUST10545,Term,503509.48,23887.28,2020-12-08,2021-12-08,AGT5123,Active
POL50466,CUST11012,Property,537079.33,28203.0,2020-11-07,2021-11-07,AGT5261,Active
POL50467,CUST10963,Whole,751093.69,34621.9,2021-11-10,2022-11-10,AGT5130,Lapsed
POL50468,CUST10684,Whole,465417.01,24909.54,2021-09-19,2022-09-19,AGT5091,Lapsed
POL50469,CUST10010,Health,539544.22,25253.77,2025-12-26,2026-12-26,AGT5032,Active
POL50470,CUST10743,Property,766618.97,37519.71,2024-12-26,2025-12-26,AGT5120,Cancelled
POL50471,CUST11222,Vehicle,611904.34,33444.37,2022-09-17,2023-09-17,AGT5229,Lapsed
POL50472,CUST10396,Vehicle,456968.25,23211.22,2024-01-01,2025-01-01,AGT5089,Active
POL50473,CUST11175,Property,754673.51,35952.62,2021-09-29,2022-09-29,AGT5141,Cancelled
POL50474,CUST10029,Vehicle,505118.63,22733.51,2020-10-20,2021-10-20,AGT5197,Active
POL50475,CUST11503,Whole,403430.22,18181.75,2025-09-24,2026-09-24,AGT5278,Lapsed
POL50476,CUST11574,Property,551074.28,26311.52,2026-02-20,2027-02-20,AGT5244,Active
POL50477,CUST10006,Property,477652.44,24010.89,2020-10-19,2021-10-19,AGT5085,Lapsed
POL50478,CUST10757,Term,693896.53,34589.99,2024-09-26,2025-09-26,AGT5049,Lapsed
POL50479,CUST10688,Vehicle,461143.31,25002.64,2022-12-12,2023-12-12,AGT5201,Active
POL50480,CUST11390,Term,694274.31,36547.25,2025-05-26,2026-05-26,AGT5076,Cancelled
POL50481,CUST10895,Term,395299.24,21443.94,2021-05-04,2022-05-04,AGT5117,Lapsed
POL50482,CUST11016,Term,735973.52,36885.36,2026-04-16,2027-04-16,AGT5031,Active
POL50483,CUST10345,Term,397596.83,19667.79,2022-07-03,2023-07-03,AGT5232,Cancelled
POL50484,CUST10131,Term,739552.95,37466.41,2022-02-11,2023-02-11,AGT5048,Lapsed
POL50485,CUST11147,Vehicle,405855.3,19773.86,2025-07-13,2026-07-13,AGT5114,Active
POL50486,CUST11035,Vehicle,707836.6,33344.85,2024-08-21,2025-08-21,AGT5122,Active
POL50487,CUST11372,Property,705062.83,37626.81,2026-04-28,2027-04-28,AGT5012,Active
POL50488,CUST11395,Vehicle,602692.21,31222.66,2026-07-15,2027-07-15,AGT5232,Active
POL50489,CUST11053,Term,395228.69,19072.39,2026-08-29,2027-08-29,AGT5185,Active
POL50490,CUST10891,Term,618465.98,30591.07,2025-12-18,2026-12-18,AGT5162,Lapsed
POL50491,CUST11512,Term,617208.41,29165.86,2025-12-11,2026-12-11,AGT5053,Active
POL50492,CUST11318,Property,599521.03,30352.78,2021-01-24,2022-01-24,AGT5015,Lapsed
POL50493,CUST11462,Term,622427.01,30239.73,2021-07-16,2022-07-16,AGT5016,Active
POL50494,CUST11643,Vehicle,743944.6,39991.3,2026-03-21,2027-03-21,AGT5187,Active
POL50495,CUST10673,Property,768270.29,38631.42,2025-06-11,2026-06-11,AGT5224,Lapsed
POL50496,CUST11190,Health,532173.53,26138.93,2021-10-28,2022-10-28,AGT5238,Active
POL50497,CUST11140,Property,420343.24,22066.42,2022-12-11,2023-12-11,AGT5240,Active
POL50498,CUST10294,Term,432609.19,23382.96,2022-12-02,2023-12-02,AGT5118,Lapsed
POL50499,CUST11060,Property,662335.09,35219.13,2024-04-09,2025-04-09,AGT5000,Active
POL50500,CUST10708,Health,693687.26,34649.1,2026-07-15,2027-07-15,AGT5073,Active
POL50501,CUST10743,Property,552881.26,26850.37,2022-02-21,2023-02-21,AGT5236,Cancelled
POL50502,CUST10304,Whole,422744.92,21822.64,2020-12-13,2021-12-13,AGT5229,Active
POL50503,CUST11232,Health,473565.59,25178.86,2024-05-15,2025-05-15,AGT5152,Lapsed
POL50504,CUST11155,Health,484753.6,26557.9,2021-10-22,2022-10-22,AGT5007,Lapsed
POL50505,CUST10881,Vehicle,754713.04,37413.02,2023-11-20,2024-11-20,AGT5233,Active
POL50506,CUST10263,Property,649334.59,33559.17,2025-05-30,2026-05-30,AGT5244,Active
POL50507,CUST10923,Whole,430378.44,20628.48,2022-08-22,2023-08-22,AGT5068,Active
POL50508,CUST10165,Property,514774.54,23615.09,2020-12-28,2021-12-28,AGT5241,Active
POL50509,CUST10560,Vehicle,396355.19,18838.99,2025-06-12,2026-06-12,AGT5191,Active
POL50510,CUST10619,Property,636428.3,28731.49,2025-11-29,2026-11-29,AGT5266,Lapsed
POL50511,CUST11463,Property,644004.62,32260.95,2025-10-13,2026-10-13,AGT5187,Active
POL50512,CUST10691,Property,407136.25,19840.39,2026-06-26,2027-06-26,AGT5026,Active
POL50513,CUST10990,Property,514175.18,26625.4,2025-12-27,2026-12-27,AGT5194,Active
POL50514,CUST11446,Term,725932.84,37133.74,2021-12-05,2022-12-05,AGT5032,Cancelled
POL50515,CUST10706,Term,696930.32,32531.78,2021-02-28,2022-02-28,AGT5077,Active
POL50516,CUST11463,Health,550974.4,28506.43,2023-07-01,2024-07-01,AGT5261,Active
POL50517,CUST10226,Vehicle,561187.63,26305.11,2024-08-27,2025-08-27,AGT5290,Active
POL50518,CUST10605,Property,767247.99,34571.83,2021-01-23,2022-01-23,AGT5142,Active
POL50519,CUST10157,Whole,663045.29,36269.85,2023-09-22,2024-09-22,AGT5087,Active
POL50520,CUST10931,Health,683422.32,30938.43,2025-03-07,2026-03-07,AGT5117,Active
POL50521,CUST11582,Vehicle,405059.21,19611.95,2024-07-17,2025-07-17,AGT5072,Active
POL50522,CUST11085,Property,466678.2,23975.64,2023-09-24,2024-09-24,AGT5171,Active
POL50523,CUST11043,Property,396977.75,19334.3,2023-08-31,2024-08-31,AGT5126,Active
POL50524,CUST10456,Whole,719148.28,35103.13,2023-06-17,2024-06-17,AGT5017,Active
POL50525,CUST11542,Vehicle,640419.48,33447.36,2022-08-09,2023-08-09,AGT5183,Lapsed
POL50526,CUST10779,Property,453395.89,23132.96,2022-12-01,2023-12-01,AGT5193,Active
POL50527,CUST10439,Whole,760063.38,38142.85,2024-11-03,2025-11-03,AGT5200,Active
POL50528,CUST11632,Term,746136.64,40189.28,2024-12-19,2025-12-19,AGT5283,Cancelled
POL50529,CUST10702,Health,428609.23,19750.8,2023-08-23,2024-08-23,AGT5211,Lapsed
POL50530,CUST10617,Vehicle,622569.69,30940.27,2022-04-14,2023-04-14,AGT5202,Active
POL50531,CUST10059,Vehicle,630542.9,29881.85,2023-01-29,2024-01-29,AGT5063,Lapsed
POL50532,CUST10301,Vehicle,379518.33,17218.02,2026-03-15,2027-03-15,AGT5139,Cancelled
POL50533,CUST11333,Property,650180.22,35623.59,2024-03-06,2025-03-06,AGT5130,Active
POL50534,CUST10798,Whole,470215.97,24611.23,2020-11-22,2021-11-22,AGT5288,Lapsed
POL50535,CUST11578,Whole,732007.72,34522.84,2021-12-28,2022-12-28,AGT5142,Cancelled
POL50536,CUST10143,Health,643477.5,31546.06,2021-11-21,2022-11-21,AGT5206,Active
POL50537,CUST11025,Whole,733538.03,34667.19,2025-11-08,2026-11-08,AGT5162,Lapsed
POL50538,CUST11198,Whole,676658.28,35083.75,2023-01-18,2024-01-18,AGT5017,Active
POL50539,CUST11036,Property,448488.59,21753.7,2022-07-05,2023-07-05,AGT5280,Lapsed
POL50540,CUST10876,Vehicle,514289.53,27873.79,2026-01-03,2027-01-03,AGT5201,Active
POL50541,CUST10954,Health,598126.02,28157.11,2024-02-07,2025-02-07,AGT5069,Cancelled
POL50542,CUST11142,Property,509480.14,24708.9,2026-04-15,2027-04-15,AGT5017,Active
POL50543,CUST11426,Property,658362.68,35761.04,2022-12-02,2023-12-02,AGT5281,Active
POL50544,CUST10557,Whole,514421.11,27699.93,2023-12-23,2024-12-23,AGT5092,Active
POL50545,CUST10760,Health,412205.31,19757.7,2021-06-24,2022-06-24,AGT5005,Active
POL50546,CUST11059,Property,584493.07,29125.69,2021-03-06,2022-03-06,AGT5184,Active
POL50547,CUST10518,Vehicle,637394.09,34315.42,2023-05-05,2024-05-05,AGT5004,Lapsed
POL50548,CUST10302,Whole,584120.34,30202.73,2022-10-13,2023-10-13,AGT5064,Active
POL50549,CUST11597,Whole,632118.91,32473.72,2024-03-06,2025-03-06,AGT5268,Active
POL50550,CUST10332,Whole,553649.64,28571.41,2023-06-19,2024-06-19,AGT5011,Active
POL50551,CUST10393,Property,684657.56,37115.16,2024-05-26,2025-05-26,AGT5225,Lapsed
POL50552,CUST11030,Property,635237.07,31870.95,2023-03-26,2024-03-26,AGT5185,Active
POL50553,CUST10131,Vehicle,595201.31,27866.02,2023-06-24,2024-06-24,AGT5091,Active
POL50554,CUST10058,Property,552618.11,27480.17,2023-02-16,2024-02-16,AGT5085,Active
POL50555,CUST10107,Health,537504.64,28105.52,2025-07-02,2026-07-02,AGT5142,Active
POL50556,CUST10207,Whole,404638.74,20200.11,2022-07-29,2023-07-29,AGT5159,Lapsed
POL50557,CUST10709,Health,583351.89,28078.26,2022-12-20,2023-12-20,AGT5267,Active
POL50558,CUST11366,Health,421544.11,21778.36,2021-10-01,2022-10-01,AGT5078,Cancelled
POL50559,CUST10567,Whole,716157.35,35451.43,2022-01-28,2023-01-28,AGT5177,Active
POL50560,CUST10708,Term,691409.15,37770.44,2024-07-18,2025-07-18,AGT5205,Active
POL50561,CUST10992,Term,582914.71,28283.84,2022-10-30,2023-10-30,AGT5003,Lapsed
POL50562,CUST10496,Health,646495.87,33730.84,2021-03-02,2022-03-02,AGT5268,Lapsed
POL50563,CUST10714,Property,643259.25,32517.22,2025-09-23,2026-09-23,AGT5297,Active
POL50564,CUST10645,Property,439385.12,20113.14,2023-10-02,2024-10-02,AGT5025,Active
POL50565,CUST10567,Term,664104.81,33004.4,2024-07-14,2025-07-14,AGT5078,Lapsed
POL50566,CUST10647,Vehicle,754414.84,34168.68,2025-05-22,2026-05-22,AGT5235,Active
POL50567,CUST10020,Property,400776.26,21200.39,2026-03-27,2027-03-27,AGT5242,Active
POL50568,CUST11467,Term,474936.76,24860.71,2021-04-06,2022-04-06,AGT5046,Active
POL50569,CUST11614,Term,609538.1,27737.1,2021-02-06,2022-02-06,AGT5275,Lapsed
POL50570,CUST11425,Term,539896.68,26993.19,2020-11-25,2021-11-25,AGT5098,Active
POL50571,CUST10010,Health,573144.67,31302.52,2021-11-16,2022-11-16,AGT5088,Active
POL50572,CUST11241,Term,605213.25,28957.27,2021-11-08,2022-11-08,AGT5107,Active
POL50573,CUST10946,Property,688375.95,37201.92,2022-08-25,2023-08-25,AGT5201,Active
POL50574,CUST10157,Property,412297.62,19176.34,2022-06-28,2023-06-28,AGT5061,Active
POL50575,CUST11545,Whole,554637.19,24995.29,2025-07-26,2026-07-26,AGT5162,Active
POL50576,CUST11283,Vehicle,703100.33,35369.61,2024-10-10,2025-10-10,AGT5022,Active
POL50577,CUST10243,Term,519893.67,24639.03,2022-04-27,2023-04-27,AGT5044,Active
POL50578,CUST11593,Property,578958.69,31143.49,2024-11-27,2025-11-27,AGT5230,Active
POL50579,CUST10211,Whole,393307.77,20349.44,2026-08-30,2027-08-30,AGT5115,Lapsed
POL50580,CUST10751,Property,471306.95,24446.17,2026-08-31,2027-08-31,AGT5238,Active
POL50581,CUST10266,Health,512279.29,26501.64,2025-03-10,2026-03-10,AGT5221,Lapsed
POL50582,CUST10250,Property,538602.73,27894.01,2025-02-10,2026-02-10,AGT5299,Active
POL50583,CUST11600,Health,600129.21,31489.47,2026-02-23,2027-02-23,AGT5041,Active
POL50584,CUST10944,Vehicle,609290.63,31499.64,2020-09-21,2021-09-21,AGT5280,Active
POL50585,CUST10429,Health,658098.88,35104.81,2022-06-21,2023-06-21,AGT5267,Active
POL50586,CUST11283,Property,714086.72,36119.38,2025-08-10,2026-08-10,AGT5130,Active
POL50587,CUST11447,Term,473525.37,22969.24,2025-05-16,2026-05-16,AGT5040,Active
POL50588,CUST11521,Health,356173.56,17690.6,2023-02-05,2024-02-05,AGT5040,Lapsed
POL50589,CUST11546,Vehicle,700989.95,34630.55,2023-02-09,2024-02-09,AGT5153,Lapsed
POL50590,CUST11499,Term,507059.61,24503.69,2024-02-26,2025-02-26,AGT5003,Lapsed
POL50591,CUST11063,Vehicle,509207.47,25029.93,2024-08-09,2025-08-09,AGT5028,Active
POL50592,CUST10569,Health,405438.18,19805.6,2023-07-04,2024-07-04,AGT5159,Active
POL50593,CUST11534,Health,592552.54,27323.43,2023-10-01,2024-10-01,AGT5168,Lapsed
POL50594,CUST10205,Whole,492841.93,26271.2,2025-03-29,2026-03-29,AGT5258,Active
POL50595,CUST10283,Term,448927.49,23597.72,2021-07-27,2022-07-27,AGT5292,Active
POL50596,CUST10716,Property,578805.44,27999.94,2023-01-22,2024-01-22,AGT5080,Active
POL50597,CUST10465,Whole,673910.12,36695.3,2022-01-13,2023-01-13,AGT5099,Cancelled
POL50598,CUST11025,Health,444359.51,24214.76,2025-03-03,2026-03-03,AGT5059,Active
POL50599,CUST11498,Health,602713.65,32285.68,2023-07-09,2024-07-09,AGT5067,Active
POL50600,CUST10814,Whole,562860.42,25494.05,2023-10-08,2024-10-08,AGT5131,Cancelled
POL50601,CUST10915,Term,535539.29,26087.29,2025-05-22,2026-05-22,AGT5297,Active
POL50602,CUST10702,Vehicle,513898.89,25475.7,2025-03-21,2026-03-21,AGT5268,Active
POL50603,CUST11173,Property,441048.67,23017.08,2025-01-03,2026-01-03,AGT5273,Cancelled
POL50604,CUST10166,Whole,513064.0,26344.87,2023-06-11,2024-06-11,AGT5135,Lapsed
POL50605,CUST10082,Term,716934.46,37125.58,2025-06-04,2026-06-04,AGT5197,Active
POL50606,CUST11066,Vehicle,416619.1,21944.22,2022-07-21,2023-07-21,AGT5216,Active
POL50607,CUST10886,Property,753945.51,41078.23,2021-10-19,2022-10-19,AGT5072,Active
POL50608,CUST10680,Property,426386.16,21538.93,2025-04-18,2026-04-18,AGT5138,Active
POL50609,CUST10551,Vehicle,514847.96,27822.6,2024-11-10,2025-11-10,AGT5165,Active
POL50610,CUST10087,Term,612805.81,32569.52,2021-12-06,2022-12-06,AGT5111,Lapsed
POL50611,CUST11128,Whole,707568.94,34231.65,2023-05-17,2024-05-17,AGT5141,Active
POL50612,CUST10699,Vehicle,432274.31,22969.63,2024-01-10,2025-01-10,AGT5132,Lapsed
POL50613,CUST10734,Property,439324.36,20285.12,2022-12-03,2023-12-03,AGT5018,Lapsed
POL50614,CUST11478,Vehicle,615526.93,28675.92,2024-02-20,2025-02-20,AGT5230,Active
POL50615,CUST11220,Vehicle,488658.23,26838.96,2021-06-11,2022-06-11,AGT5270,Lapsed
POL50616,CUST10374,Property,633133.31,31205.17,2026-05-02,2027-05-02,AGT5226,Lapsed
POL50617,CUST11086,Health,637204.12,31609.26,2020-09-24,2021-09-24,AGT5280,Lapsed
POL50618,CUST10221,Property,414595.15,22599.71,2025-07-15,2026-07-15,AGT5129,Active
POL50619,CUST10330,Health,645572.94,31386.72,2025-09-05,2026-09-05,AGT5016,Active
POL50620,CUST11186,Health,363154.87,17202.52,2022-09-17,2023-09-17,AGT5080,Lapsed
POL50621,CUST10211,Whole,731048.08,33466.08,2023-03-10,2024-03-10,AGT5256,Cancelled
POL50622,CUST10459,Term,753698.32,37855.4,2024-10-15,2025-10-15,AGT5041,Active
POL50623,CUST11485,Health,583609.32,27427.82,2023-02-04,2024-02-04,AGT5164,Active
POL50624,CUST11222,Property,763938.29,34872.3,2025-05-06,2026-05-06,AGT5000,Cancelled
POL50625,CUST11540,Property,701466.86,37269.42,2023-11-25,2024-11-25,AGT5097,Cancelled
POL50626,CUST11462,Whole,402080.72,19414.86,2022-08-18,2023-08-18,AGT5033,Active
POL50627,CUST10516,Vehicle,379440.54,19273.27,2020-10-23,2021-10-23,AGT5034,Lapsed
POL50628,CUST11055,Property,393007.42,18096.6,2025-05-21,2026-05-21,AGT5049,Active
POL50629,CUST10631,Term,553902.51,27726.05,2026-03-17,2027-03-17,AGT5161,Active
POL50630,CUST11154,Vehicle,613638.63,31490.95,2021-08-05,2022-08-05,AGT5206,Active
POL50631,CUST10578,Health,518515.14,25665.79,2026-05-23,2027-05-23,AGT5086,Active
POL50632,CUST10003,Property,645695.18,31235.39,2022-08-27,2023-08-27,AGT5245,Active
POL50633,CUST10157,Health,507360.92,24408.91,2024-06-14,2025-06-14,AGT5117,Active
POL50634,CUST11277,Term,397738.09,18333.27,2024-04-16,2025-04-16,AGT5221,Lapsed
POL50635,CUST10143,Whole,472074.18,21789.49,2024-04-27,2025-04-27,AGT5158,Cancelled
POL50636,CUST10991,Whole,767160.33,38325.0,2025-11-16,2026-11-16,AGT5216,Active
POL50637,CUST11419,Property,518157.58,24036.45,2026-07-22,2027-07-22,AGT5293,Active
POL50638,CUST11224,Vehicle,500761.45,23653.22,2021-11-24,2022-11-24,AGT5298,Active
POL50639,CUST10687,Health,403477.22,18821.48,2023-01-07,2024-01-07,AGT5176,Cancelled
POL50640,CUST10357,Property,765050.33,40566.67,2023-11-18,2024-11-18,AGT5288,Active
POL50641,CUST11530,Health,430660.76,21316.49,2021-10-20,2022-10-20,AGT5210,Lapsed
POL50642,CUST10937,Term,628264.34,31743.62,2021-04-29,2022-04-29,AGT5080,Lapsed
POL50643,CUST10675,Whole,401188.27,20392.23,2024-02-03,2025-02-03,AGT5280,Lapsed
POL50644,CUST11561,Health,373265.32,18276.51,2023-05-20,2024-05-20,AGT5043,Active
POL50645,CUST10365,Term,654940.77,31426.88,2026-01-16,2027-01-16,AGT5140,Active
POL50646,CUST10729,Vehicle,618093.57,30178.08,2021-03-26,2022-03-26,AGT5045,Active
POL50647,CUST10179,Vehicle,635101.39,31976.23,2021-04-19,2022-04-19,AGT5235,Active
POL50648,CUST10209,Term,469615.21,22816.62,2023-12-28,2024-12-28,AGT5268,Lapsed
POL50649,CUST10666,Term,757235.15,35110.09,2020-11-12,2021-11-12,AGT5245,Lapsed
POL50650,CUST11157,Property,599974.44,32480.74,2024-10-22,2025-10-22,AGT5030,Lapsed
POL50651,CUST10559,Term,751382.63,39315.39,2023-08-10,2024-08-10,AGT5081,Lapsed
POL50652,CUST11142,Term,444131.07,20280.22,2021-10-17,2022-10-17,AGT5102,Cancelled
POL50653,CUST11325,Property,540963.31,29242.85,2021-02-02,2022-02-02,AGT5034,Lapsed
POL50654,CUST11453,Term,509564.03,23799.01,2026-06-14,2027-06-14,AGT5159,Active
POL50655,CUST10077,Term,669561.08,30784.61,2022-05-18,2023-05-18,AGT5010,Active
POL50656,CUST11278,Health,611650.0,28583.73,2022-01-26,2023-01-26,AGT5184,Active
POL50657,CUST10246,Health,520290.33,28267.55,2024-08-18,2025-08-18,AGT5172,Lapsed
POL50658,CUST11156,Property,391216.98,18470.5,2021-02-03,2022-02-03,AGT5178,Active
POL50659,CUST10617,Health,411322.0,21746.56,2021-01-06,2022-01-06,AGT5273,Lapsed
POL50660,CUST11174,Vehicle,397000.42,20417.88,2023-10-14,2024-10-14,AGT5235,Lapsed
POL50661,CUST10364,Vehicle,698171.51,35035.8,2021-09-14,2022-09-14,AGT5077,Active
POL50662,CUST11070,Term,492047.85,23941.05,2025-10-31,2026-10-31,AGT5171,Active
POL50663,CUST10211,Health,391272.92,17970.91,2023-02-20,2024-02-20,AGT5240,Active
POL50664,CUST10283,Vehicle,511877.15,26672.15,2021-08-13,2022-08-13,AGT5255,Active
POL50665,CUST11022,Term,410985.87,20116.86,2021-05-03,2022-05-03,AGT5192,Lapsed
POL50666,CUST10557,Vehicle,748008.0,37662.1,2023-11-22,2024-11-22,AGT5025,Active
POL50667,CUST11167,Whole,506278.04,23044.57,2023-07-18,2024-07-18,AGT5130,Lapsed
POL50668,CUST11136,Property,744230.68,39265.15,2021-01-31,2022-01-31,AGT5257,Active
POL50669,CUST11038,Vehicle,636071.45,33026.56,2026-05-28,2027-05-28,AGT5022,Active
POL50670,CUST11213,Health,548137.45,27567.48,2025-11-13,2026-11-13,AGT5177,Lapsed
POL50671,CUST11308,Vehicle,557737.86,27866.3,2021-06-14,2022-06-14,AGT5162,Cancelled
POL50672,CUST11509,Health,590583.04,28566.68,2021-11-27,2022-11-27,AGT5066,Lapsed
POL50673,CUST10138,Whole,649216.0,31437.66,2023-04-08,2024-04-08,AGT5103,Active
POL50674,CUST10943,Property,389050.61,17773.64,2024-12-06,2025-12-06,AGT5293,Cancelled
POL50675,CUST11239,Whole,734496.74,38096.24,2023-07-10,2024-07-10,AGT5178,Active
POL50676,CUST10369,Health,478787.2,21760.75,2024-04-18,2025-04-18,AGT5281,Cancelled
POL50677,CUST10434,Property,521010.15,23452.85,2026-04-23,2027-04-23,AGT5141,Active
POL50678,CUST10439,Health,492306.69,22306.32,2024-03-13,2025-03-13,AGT5253,Lapsed
POL50679,CUST10945,Property,648833.88,30517.56,2023-09-09,2024-09-09,AGT5185,Active
POL50680,CUST10607,Term,524950.77,26616.03,2024-10-13,2025-10-13,AGT5273,Active
POL50681,CUST11102,Vehicle,519308.14,26906.18,2022-04-29,2023-04-29,AGT5098,Lapsed
POL50682,CUST11013,Term,405711.85,19964.02,2020-09-19,2021-09-19,AGT5114,Lapsed
POL50683,CUST11086,Whole,545407.04,26772.06,2021-07-12,2022-07-12,AGT5012,Active
POL50684,CUST10419,Health,402317.47,20424.8,2021-01-21,2022-01-21,AGT5068,Active
POL50685,CUST11268,Vehicle,701412.74,35749.8,2023-01-26,2024-01-26,AGT5041,Active
POL50686,CUST11098,Vehicle,504445.19,26962.58,2025-07-09,2026-07-09,AGT5054,Active
POL50687,CUST10218,Vehicle,741207.88,39425.5,2023-10-30,2024-10-30,AGT5092,Active
POL50688,CUST10341,Health,589584.8,31386.7,2026-02-19,2027-02-19,AGT5262,Active
POL50689,CUST10493,Property,676118.34,36132.93,2025-12-13,2026-12-13,AGT5113,Active
POL50690,CUST11551,Property,749884.2,40342.5,2023-06-08,2024-06-08,AGT5247,Lapsed
POL50691,CUST10540,Term,472653.61,23894.14,2024-02-17,2025-02-17,AGT5244,Lapsed
POL50692,CUST10036,Whole,603407.02,30744.6,2025-02-05,2026-02-05,AGT5294,Active
POL50693,CUST10236,Property,400679.43,20944.42,2022-05-27,2023-05-27,AGT5152,Active
POL50694,CUST10056,Vehicle,416086.78,19551.95,2025-12-17,2026-12-17,AGT5254,Active
POL50695,CUST10672,Property,526135.96,25572.63,2023-05-31,2024-05-31,AGT5125,Active
POL50696,CUST11313,Health,588875.65,31873.8,2024-11-16,2025-11-16,AGT5189,Lapsed
POL50697,CUST10743,Property,705202.04,35420.62,2024-12-10,2025-12-10,AGT5243,Active
POL50698,CUST11384,Property,483715.62,22017.71,2022-06-17,2023-06-17,AGT5042,Active
POL50699,CUST10080,Health,612177.02,30030.71,2024-05-08,2025-05-08,AGT5017,Active
POL50700,CUST10774,Term,467067.08,21769.01,2025-07-14,2026-07-14,AGT5049,Active
POL50701,CUST11296,Property,387331.41,18809.92,2021-09-21,2022-09-21,AGT5216,Active
POL50702,CUST11117,Property,405949.01,20480.03,2022-03-03,2023-03-03,AGT5142,Lapsed
POL50703,CUST11410,Property,610440.07,30553.36,2026-01-27,2027-01-27,AGT5084,Active
POL50704,CUST10449,Whole,576401.81,28765.15,2025-01-27,2026-01-27,AGT5230,Active
POL50705,CUST10829,Term,484667.22,21898.91,2023-06-03,2024-06-03,AGT5004,Cancelled
POL50706,CUST11121,Vehicle,380475.09,18814.89,2026-02-20,2027-02-20,AGT5051,Active
POL50707,CUST10283,Whole,603683.98,27340.63,2021-10-10,2022-10-10,AGT5140,Lapsed
POL50708,CUST11346,Health,636162.32,31202.88,2024-02-01,2025-02-01,AGT5274,Active
POL50709,CUST10513,Property,411389.78,21174.23,2023-01-13,2024-01-13,AGT5224,Active
POL50710,CUST10156,Vehicle,656387.34,30363.85,2026-05-07,2027-05-07,AGT5205,Active
POL50711,CUST11266,Vehicle,617857.1,33467.91,2022-02-10,2023-02-10,AGT5213,Active
POL50712,CUST11169,Term,564373.85,28955.27,2025-11-24,2026-11-24,AGT5093,Active
POL50713,CUST11463,Term,399942.23,18867.67,2022-04-26,2023-04-26,AGT5134,Active
POL50714,CUST11476,Vehicle,727110.0,35585.4,2024-06-10,2025-06-10,AGT5265,Cancelled
POL50715,CUST10456,Whole,568814.78,26147.89,2022-06-04,2023-06-04,AGT5218,Active
POL50716,CUST11066,Whole,538848.68,24367.08,2026-03-04,2027-03-04,AGT5179,Active
POL50717,CUST11647,Vehicle,703637.7,38108.04,2024-11-11,2025-11-11,AGT5024,Active
POL50718,CUST10409,Whole,710547.62,36772.15,2025-01-03,2026-01-03,AGT5219,Active
POL50719,CUST10781,Term,658950.05,34790.23,2021-12-23,2022-12-23,AGT5109,Lapsed
POL50720,CUST11507,Health,640275.99,32796.04,2023-08-20,2024-08-20,AGT5115,Lapsed
POL50721,CUST10169,Health,393514.97,21276.43,2026-08-18,2027-08-18,AGT5202,Active
POL50722,CUST11538,Health,616320.44,33256.15,2023-12-28,2024-12-28,AGT5118,Active
POL50723,CUST10809,Property,511293.12,23305.55,2026-08-24,2027-08-24,AGT5171,Active
POL50724,CUST11478,Property,718985.5,33716.61,2021-02-17,2022-02-17,AGT5003,Lapsed
POL50725,CUST11037,Health,479581.01,23479.28,2021-04-21,2022-04-21,AGT5055,Cancelled
POL50726,CUST11111,Term,402216.96,19471.68,2025-04-10,2026-04-10,AGT5161,Active
POL50727,CUST11278,Vehicle,534635.73,26868.51,2022-08-18,2023-08-18,AGT5287,Lapsed
POL50728,CUST10112,Term,670210.44,31945.79,2023-05-19,2024-05-19,AGT5228,Active
POL50729,CUST11047,Vehicle,567352.32,30055.26,2022-03-11,2023-03-11,AGT5125,Active
POL50730,CUST11531,Property,678999.06,30605.84,2023-09-17,2024-09-17,AGT5290,Active
POL50731,CUST11580,Term,394956.93,20899.2,2023-06-13,2024-06-13,AGT5082,Active
POL50732,CUST11602,Whole,453208.22,22177.16,2021-02-10,2022-02-10,AGT5267,Active
POL50733,CUST11071,Property,601989.05,27120.42,2024-11-03,2025-11-03,AGT5121,Lapsed
POL50734,CUST11056,Property,533345.8,28518.34,2025-03-04,2026-03-04,AGT5026,Lapsed
POL50735,CUST10912,Vehicle,635106.43,31417.16,2022-12-17,2023-12-17,AGT5000,Lapsed
POL50736,CUST11007,Whole,755583.38,39477.17,2025-02-24,2026-02-24,AGT5294,Active
POL50737,CUST11016,Vehicle,627427.82,33745.88,2025-10-22,2026-10-22,AGT5192,Active
POL50738,CUST10074,Whole,545684.71,24743.05,2023-01-20,2024-01-20,AGT5044,Active
POL50739,CUST10148,Health,539827.41,25707.46,2020-09-26,2021-09-26,AGT5297,Active
POL50740,CUST11033,Health,669489.27,30922.98,2021-05-12,2022-05-12,AGT5012,Active
POL50741,CUST10518,Vehicle,632389.94,29077.35,2026-03-06,2027-03-06,AGT5100,Active
POL50742,CUST10494,Property,694224.11,37804.95,2022-08-21,2023-08-21,AGT5224,Lapsed
POL50743,CUST10328,Health,455531.44,24168.54,2025-03-02,2026-03-02,AGT5015,Active
POL50744,CUST11317,Property,671563.65,32669.73,2023-08-01,2024-08-01,AGT5271,Active
POL50745,CUST11594,Property,438681.08,22755.67,2021-01-30,2022-01-30,AGT5203,Active
POL50746,CUST11047,Whole,673663.61,36508.83,2023-12-19,2024-12-19,AGT5284,Active
POL50747,CUST11567,Term,717814.6,33886.69,2022-02-16,2023-02-16,AGT5251,Cancelled
POL50748,CUST11463,Property,731589.5,33025.05,2026-05-17,2027-05-17,AGT5247,Active
POL50749,CUST10372,Whole,429887.17,22887.66,2021-07-07,2022-07-07,AGT5068,Active
POL50750,CUST10256,Whole,704504.59,36794.15,2025-08-06,2026-08-06,AGT5061,Active
POL50751,CUST10362,Property,427325.56,19914.47,2025-09-21,2026-09-21,AGT5072,Active
POL50752,CUST10160,Vehicle,558834.05,27883.84,2021-09-11,2022-09-11,AGT5046,Lapsed
POL50753,CUST10960,Whole,647770.79,30188.93,2020-10-12,2021-10-12,AGT5199,Active
POL50754,CUST10464,Vehicle,561046.16,28628.02,2021-04-11,2022-04-11,AGT5017,Lapsed
POL50755,CUST11511,Property,515865.2,26554.52,2022-06-09,2023-06-09,AGT5128,Lapsed
POL50756,CUST11020,wholee,648271.15,30965.86,2023-11-18,2024-11-18,AGT5174,Active
POL50757,CUST10595,Term,633625.25,33460.72,2023-01-07,2024-01-07,AGT5161,Active
POL50758,CUST11629,Vehicle,598333.42,29758.69,2021-02-20,2022-02-20,AGT5146,Active
POL50759,CUST11576,Whole,588445.04,30636.55,2025-04-03,2026-04-03,AGT5066,Lapsed
POL50760,CUST11286,Term,650739.77,33446.8,2024-09-26,2025-09-26,AGT5032,Cancelled
POL50761,CUST11304,Property,540169.27,26742.48,2021-08-05,2022-08-05,AGT5296,Active
POL50762,CUST11614,Vehicle,403994.4,19362.31,2022-10-27,2023-10-27,AGT5139,Active
POL50763,CUST10992,Health,538109.08,25314.29,2021-12-21,2022-12-21,AGT5178,Active
POL50764,CUST11456,Health,603209.44,31644.03,2020-11-17,2021-11-17,AGT5170,Lapsed
POL50765,CUST10109,Whole,500176.56,25718.8,2024-09-21,2025-09-21,AGT5110,Active
POL50766,CUST10915,Health,399262.9,19088.53,2021-12-20,2022-12-20,AGT5216,Lapsed
POL50767,CUST10832,Whole,736058.86,40241.07,2024-11-08,2025-11-08,AGT5112,Cancelled
POL50768,CUST10063,Property,717543.62,38104.0,2025-09-10,2026-09-10,AGT5124,Active
POL50769,CUST10146,Vehicle,611768.13,28305.3,2025-07-17,2026-07-17,AGT5241,Lapsed
POL50770,CUST10040,Term,681590.63,31779.6,2024-07-09,2025-07-09,AGT5095,Active
POL50771,CUST10484,Whole,757990.05,38233.38,2024-12-21,2025-12-21,AGT5209,Active
POL50772,CUST10089,Property,604164.71,27805.95,2026-01-21,2027-01-21,AGT5199,Active
POL50773,CUST10702,Whole,479009.95,26174.72,2023-01-07,2024-01-07,AGT5009,Cancelled
POL50774,CUST11340,Vehicle,619470.93,31828.56,2022-07-10,2023-07-10,AGT5205,Active
POL50775,CUST11021,Whole,737118.57,33658.12,2020-12-26,2021-12-26,AGT5240,Active
POL50776,CUST11115,Health,591551.87,29243.28,2020-09-13,2021-09-13,AGT5081,Active
POL50777,CUST10054,Property,395102.55,18656.62,2025-04-23,2026-04-23,AGT5274,Active
POL50778,CUST11386,Term,731386.09,36499.46,2025-04-11,2026-04-11,AGT5005,Active
POL50779,CUST10244,Term,669027.11,31758.89,2026-03-31,2027-03-31,AGT5053,Active
POL50780,CUST10496,Whole,539704.94,28775.97,2022-12-03,2023-12-03,AGT5283,Lapsed
POL50781,CUST10856,Property,765184.38,39951.04,2022-02-07,2023-02-07,AGT5256,Lapsed
POL50782,CUST11541,Term,656820.67,35511.52,2021-03-22,2022-03-22,AGT5226,Active
POL50783,CUST11646,Term,696405.77,32716.85,2023-03-16,2024-03-16,AGT5181,Active
POL50784,CUST11291,Whole,748119.13,36548.55,2026-08-11,2027-08-11,AGT5060,Active
POL50785,CUST11212,Health,363852.46,19304.07,2022-09-11,2023-09-11,AGT5146,Active
POL50786,CUST10870,Health,621046.95,30268.88,2021-10-29,2022-10-29,AGT5169,Lapsed
POL50787,CUST11101,Vehicle,524038.95,25568.32,2024-09-08,2025-09-08,AGT5026,Active
POL50788,CUST10242,Health,654176.25,35888.36,2021-12-30,2022-12-30,AGT5178,Active
POL50789,CUST10443,Health,657613.55,34661.91,2025-12-19,2026-12-19,AGT5026,Active
POL50790,CUST11629,Vehicle,691217.78,37054.92,2025-06-15,2026-06-15,AGT5037,Active
POL50791,CUST11617,Property,684992.23,33612.38,2025-08-28,2026-08-28,AGT5051,Lapsed
POL50792,CUST10531,Property,690798.89,35133.47,2021-09-05,2022-09-05,AGT5057,Active
POL50793,CUST10404,Property,499172.71,24711.81,2021-09-04,2022-09-04,AGT5024,Active
POL50794,CUST10389,Term,536590.51,26562.81,2023-03-03,2024-03-03,AGT5287,Lapsed
POL50795,CUST10803,Property,429296.13,19866.53,2021-04-27,2022-04-27,AGT5240,Lapsed
POL50796,CUST10381,Term,698370.67,37307.89,2022-08-21,2023-08-21,AGT5152,Active
POL50797,CUST11074,Health,576102.27,28174.53,2024-01-18,2025-01-18,AGT5110,Lapsed
POL50798,CUST10128,Health,564450.85,28684.4,2021-10-23,2022-10-23,AGT5057,Active
POL50799,CUST10171,Health,436127.31,23363.65,2021-12-01,2022-12-01,AGT5284,Active
POL50800,CUST10453,Whole,621788.89,32789.9,2023-12-04,2024-12-04,AGT5239,Cancelled
POL50801,CUST11285,Property,560002.41,26310.25,2026-04-23,2027-04-23,AGT5225,Active
POL50802,CUST10532,Health,698344.08,35744.82,2021-05-25,2022-05-25,AGT5141,Active
POL50803,CUST10777,Property,717281.29,35833.44,2021-12-15,2022-12-15,AGT5008,Active
POL50804,CUST11085,Term,582162.47,27711.82,2022-10-24,2023-10-24,AGT5191,Active
POL50805,CUST11300,Property,696255.39,31615.97,2021-09-18,2022-09-18,AGT5146,Lapsed
POL50806,CUST10505,Property,448334.43,22998.62,2023-02-01,2024-02-01,AGT5089,Active
POL50807,CUST11213,Health,385490.17,20353.32,2022-07-28,2023-07-28,AGT5094,Lapsed
POL50808,CUST10468,Term,622093.28,33852.56,2023-01-04,2024-01-04,AGT5017,Active
POL50809,CUST11070,Property,664812.54,32276.54,2023-06-05,2024-06-05,AGT5261,Active
POL50810,CUST10744,Health,368569.75,18057.03,2021-01-25,2022-01-25,AGT5049,Lapsed
POL50811,CUST11535,Term,458167.52,21364.38,2025-07-25,2026-07-25,AGT5243,Active
POL50812,CUST11622,Whole,591848.17,32460.6,2024-07-28,2025-07-28,AGT5291,Active
POL50813,CUST11278,Term,405464.53,21690.68,2022-11-20,2023-11-20,AGT5013,Active
POL50814,CUST11516,Whole,548260.34,29921.88,2021-01-28,2022-01-28,AGT5187,Active
POL50815,CUST10226,Vehicle,560226.16,27985.24,2021-12-26,2022-12-26,AGT5020,Lapsed
POL50816,CUST11083,Vehicle,726444.08,34213.93,2022-06-25,2023-06-25,AGT5249,Lapsed
POL50817,CUST10337,Property,506535.45,25697.48,2024-04-07,2025-04-07,AGT5152,Lapsed
POL50818,CUST10453,Vehicle,441756.68,21522.79,2026-07-28,2027-07-28,AGT5006,Active
POL50819,CUST10865,Whole,387890.68,18804.41,2021-04-14,2022-04-14,AGT5231,Active
POL50820,CUST11226,Term,427893.49,19607.64,2023-11-22,2024-11-22,AGT5229,Active
POL50821,CUST11199,Health,612803.1,28024.4,2026-08-14,2027-08-14,AGT5277,Active
POL50822,CUST11438,Vehicle,546180.47,26647.04,2025-10-11,2026-10-11,AGT5145,Active
POL50823,CUST10927,Property,461509.14,25042.4,2021-09-13,2022-09-13,AGT5279,Lapsed
POL50824,CUST11535,Vehicle,730684.47,38163.82,2026-06-06,2027-06-06,AGT5199,Lapsed
POL50825,CUST11470,Vehicle,675689.48,35545.04,2024-04-09,2025-04-09,AGT5157,Active
POL50826,CUST11404,Vehicle,421229.85,19942.25,2026-07-25,2027-07-25,AGT5107,Active
POL50827,CUST10389,Whole,488548.58,25573.22,2024-11-07,2025-11-07,AGT5087,Active
POL50828,CUST10879,Whole,712034.97,34934.71,2024-09-27,2025-09-27,AGT5186,Lapsed
POL50829,CUST11217,Whole,651586.19,29708.36,2026-07-05,2027-07-05,AGT5221,Active
POL50830,CUST11612,Term,742225.5,36330.55,2024-11-01,2025-11-01,AGT5010,Active
POL50831,CUST10021,Property,414356.03,19189.88,2022-08-31,2023-08-31,AGT5123,Active
POL50832,CUST10542,Health,621393.93,33267.56,2024-06-26,2025-06-26,AGT5013,Active
POL50833,CUST10568,Whole,414418.4,22131.16,2025-12-23,2026-12-23,AGT5118,Active
POL50834,CUST10471,Whole,514614.85,24637.03,2022-07-31,2023-07-31,AGT5239,Lapsed
POL50835,CUST11349,Health,612734.07,31322.49,2025-10-13,2026-10-13,AGT5207,Active
POL50836,CUST10077,Property,658738.84,32039.47,2023-07-26,2024-07-26,AGT5037,Lapsed
POL50837,CUST10595,Term,382307.95,17793.48,2022-09-07,2023-09-07,AGT5215,Lapsed
POL50838,CUST11181,Health,420680.03,21662.53,2024-04-28,2025-04-28,AGT5004,Active
POL50839,CUST10678,Health,622500.79,32744.21,2024-03-08,2025-03-08,AGT5003,Lapsed
POL50840,CUST10240,Whole,433566.79,22869.45,2022-12-20,2023-12-20,AGT5273,Lapsed
POL50841,CUST11015,Health,464232.62,21583.2,2024-07-08,2025-07-08,AGT5009,Active
POL50842,CUST10865,Property,455797.46,22847.21,2022-01-25,2023-01-25,AGT5079,Cancelled
POL50843,CUST11621,Whole,427910.0,19358.22,2024-03-13,2025-03-13,AGT5039,Active
POL50844,CUST11238,Health,642819.01,29506.48,2026-08-09,2027-08-09,AGT5174,Active
POL50845,CUST11632,Term,404901.88,18548.76,2022-01-25,2023-01-25,AGT5156,Cancelled
POL50846,CUST10316,Vehicle,580626.88,26460.27,2024-05-16,2025-05-16,AGT5251,Active
POL50847,CUST11261,Vehicle,639829.45,30927.88,2026-01-20,2027-01-20,AGT5296,Active
POL50848,CUST10911,Whole,407172.23,19779.12,2022-07-11,2023-07-11,AGT5223,Cancelled
POL50849,CUST11183,Health,571699.37,29716.19,2025-02-06,2026-02-06,AGT5140,Active
POL50850,CUST10772,Health,466922.93,22551.82,2025-03-20,2026-03-20,AGT5013,Active
POL50851,CUST10363,Health,641740.83,29779.31,2024-05-23,2025-05-23,AGT5276,Cancelled
POL50852,CUST10078,Vehicle,679515.34,37012.36,2021-01-12,2022-01-12,AGT5168,Lapsed
POL50853,CUST11382,Whole,690653.44,37125.91,2022-12-02,2023-12-02,AGT5065,Active
POL50854,CUST11344,Health,489532.22,22637.07,2022-06-15,2023-06-15,AGT5162,Lapsed
POL50855,CUST10273,Vehicle,688923.22,33500.81,2021-08-01,2022-08-01,AGT5117,Lapsed
POL50856,CUST11071,Vehicle,616133.2,28761.62,2021-11-25,2022-11-25,AGT5105,Active
POL50857,CUST11220,Health,482539.25,26342.36,2020-11-25,2021-11-25,AGT5135,Lapsed
POL50858,CUST10924,Property,416057.93,20203.68,2026-03-20,2027-03-20,AGT5226,Cancelled
POL50859,CUST10524,Property,410725.28,18885.63,2024-04-05,2025-04-05,AGT5049,Active
POL50860,CUST11459,Health,437990.57,22893.08,2026-05-08,2027-05-08,AGT5289,Active
POL50861,CUST11068,Vehicle,491243.0,25602.2,2025-02-09,2026-02-09,AGT5018,Active
POL50862,CUST11198,Whole,742098.39,35183.14,2022-08-24,2023-08-24,AGT5044,Lapsed
POL50863,CUST11080,Vehicle,755976.58,36449.12,2022-05-05,2023-05-05,AGT5202,Lapsed
POL50864,CUST11198,Term,436311.57,21444.8,2024-07-14,2025-07-14,AGT5043,Active
POL50865,CUST10243,Term,741166.08,35336.58,2025-03-28,2026-03-28,AGT5233,Active
POL50866,CUST11530,Whole,657017.9,31463.85,2023-10-19,2024-10-19,AGT5220,Active
POL50867,CUST10468,Whole,576964.14,30588.28,2026-07-16,2027-07-16,AGT5128,Lapsed
POL50868,CUST11378,Whole,752554.36,39523.03,2024-07-24,2025-07-24,AGT5136,Lapsed
POL50869,CUST11478,Whole,659771.88,34259.51,2022-05-28,2023-05-28,AGT5299,Lapsed
POL50870,CUST11079,Whole,613556.99,31823.81,2020-10-24,2021-10-24,AGT5238,Active
POL50871,CUST10990,Whole,465667.8,23385.29,2025-10-03,2026-10-03,AGT5189,Active
POL50872,CUST10179,Term,474755.37,23030.01,2022-08-30,2023-08-30,AGT5042,Lapsed
POL50873,CUST10716,Vehicle,722547.66,37720.93,2022-02-16,2023-02-16,AGT5176,Active
POL50874,CUST11016,Property,467789.93,21594.9,2023-11-29,2024-11-29,AGT5011,Active
POL50875,CUST10140,Vehicle,390211.67,18110.0,2026-02-11,2027-02-11,AGT5075,Active
POL50876,CUST10183,Whole,487497.43,22552.92,2024-08-30,2025-08-30,AGT5209,Active
POL50877,CUST11640,Term,564832.01,29556.07,2022-03-01,2023-03-01,AGT5122,Lapsed
POL50878,CUST10549,Vehicle,522382.68,26597.33,2024-10-18,2025-10-18,AGT5298,Active
POL50879,CUST10579,Health,677531.05,33538.87,2024-12-28,2025-12-28,AGT5281,Cancelled
POL50880,CUST10418,Property,546151.01,27177.74,2024-04-27,2025-04-27,AGT5028,Lapsed
POL50881,CUST11071,Vehicle,714061.92,38042.07,2022-12-18,2023-12-18,AGT5265,Lapsed
POL50882,CUST10781,Property,613945.23,28374.58,2022-08-09,2023-08-09,AGT5259,Active
POL50883,CUST11302,Vehicle,576119.13,28133.3,2023-04-30,2024-04-30,AGT5031,Lapsed
POL50884,CUST10849,Property,446675.32,23495.86,2020-09-16,2021-09-16,AGT5115,Active
POL50885,CUST10029,Health,444861.17,22945.22,2025-11-22,2026-11-22,AGT5284,Active
POL50886,CUST10798,Vehicle,705789.04,34831.72,2021-02-03,2022-02-03,AGT5005,Active
POL50887,CUST10094,Vehicle,672823.83,31786.49,2021-10-29,2022-10-29,AGT5017,Active
POL50888,CUST11362,Term,552192.01,30074.81,2024-06-24,2025-06-24,AGT5153,Active
POL50889,CUST10187,Health,668157.75,32792.64,2021-07-10,2022-07-10,AGT5285,Active
POL50890,CUST10369,Vehicle,687649.55,36980.66,2021-11-24,2022-11-24,AGT5083,Active
POL50891,CUST10760,Whole,428152.47,22597.16,2021-03-23,2022-03-23,AGT5231,Active
POL50892,CUST10333,Property,618283.24,33149.44,2024-03-25,2025-03-25,AGT5208,Active
POL50893,CUST10892,Property,692554.63,31282.15,2025-08-30,2026-08-30,AGT5043,Cancelled
POL50894,CUST10762,Health,632920.44,31502.93,2026-04-07,2027-04-07,AGT5086,Active
POL50895,CUST11575,Vehicle,412526.97,19633.95,2022-02-02,2023-02-02,AGT5187,Active
POL50896,CUST10147,Whole,471475.3,22508.33,2021-02-21,2022-02-21,AGT5144,Active
POL50897,CUST10952,Vehicle,534128.86,25477.09,2025-01-09,2026-01-09,AGT5071,Active
POL50898,CUST11198,Vehicle,473116.55,23132.15,2022-07-17,2023-07-17,AGT5060,Lapsed
POL50899,CUST10214,Term,423059.9,20775.22,2025-01-01,2026-01-01,AGT5167,Active
POL50900,CUST11060,Vehicle,615686.56,31609.6,2022-02-21,2023-02-21,AGT5248,Active
POL50901,CUST11428,Property,580377.28,27860.23,2021-09-24,2022-09-24,AGT5123,Cancelled
POL50902,CUST11297,Term,440628.59,21030.22,2022-03-02,2023-03-02,AGT5277,Active
POL50903,CUST11549,Property,610757.07,29686.51,2022-05-21,2023-05-21,AGT5200,Active
POL50904,CUST11198,Whole,408875.76,21206.4,2023-05-13,2024-05-13,AGT5121,Lapsed
POL50905,CUST10660,Property,532470.81,23962.1,2024-06-27,2025-06-27,AGT5212,Active
POL50906,CUST11527,Vehicle,677571.79,35551.7,2022-04-21,2023-04-21,AGT5134,Lapsed
POL50907,CUST10385,Property,727669.11,35211.68,2025-05-12,2026-05-12,AGT5227,Active
POL50908,CUST10962,Term,475057.01,24115.03,2021-02-25,2022-02-25,AGT5294,Lapsed
POL50909,CUST11266,Vehicle,702894.33,36982.94,2026-07-05,2027-07-05,AGT5236,Cancelled
POL50910,CUST11443,Property,728326.75,36495.25,2023-01-23,2024-01-23,AGT5042,Active
POL50911,CUST11518,Term,613025.6,31553.35,2021-09-05,2022-09-05,AGT5021,Lapsed
POL50912,CUST10144,Whole,763138.49,41361.65,2023-04-28,2024-04-28,AGT5242,Active
POL50913,CUST11206,Health,436161.54,19757.53,2023-09-15,2024-09-15,AGT5254,Active
POL50914,CUST10348,Vehicle,404072.26,19595.6,2025-01-30,2026-01-30,AGT5170,Lapsed
POL50915,CUST11287,Term,703273.56,38165.63,2025-03-27,2026-03-27,AGT5073,Active
POL50916,CUST11159,Term,568790.05,30358.77,2025-08-04,2026-08-04,AGT5264,Cancelled
POL50917,CUST10306,Property,518384.74,26524.86,2025-06-08,2026-06-08,AGT5134,Active
POL50918,CUST11373,Health,369331.49,17466.81,2020-10-16,2021-10-16,AGT5087,Active
POL50919,CUST10763,Vehicle,402428.05,19439.42,2022-12-18,2023-12-18,AGT5109,Active
POL50920,CUST10898,Term,416108.33,22294.9,2025-10-19,2026-10-19,AGT5088,Active
POL50921,CUST11606,Property,455702.37,23688.65,2025-03-24,2026-03-24,AGT5084,Active
POL50922,CUST11085,Property,758604.36,36304.15,2026-03-15,2027-03-15,AGT5097,Active
POL50923,CUST10972,Vehicle,484370.77,22437.24,2024-03-30,2025-03-30,AGT5202,Active
POL50924,CUST10031,Vehicle,686843.88,36270.65,2021-08-03,2022-08-03,AGT5004,Active
POL50925,CUST10340,Vehicle,385338.41,19560.64,2025-01-12,2026-01-12,AGT5108,Active
POL50926,CUST10047,Term,504272.45,27550.61,2022-03-20,2023-03-20,AGT5050,Lapsed
POL50927,CUST10550,Whole,733884.09,36007.96,2023-06-16,2024-06-16,AGT5194,Active
POL50928,CUST10570,Term,452093.06,21922.11,2023-05-25,2024-05-25,AGT5298,Lapsed
POL50929,CUST10877,Health,449408.23,21530.05,2022-12-04,2023-12-04,AGT5236,Active
POL50930,CUST11142,Property,703208.23,35032.99,2024-04-23,2025-04-23,AGT5074,Lapsed
POL50931,CUST10303,Health,392487.09,18928.59,2021-02-07,2022-02-07,AGT5153,Lapsed
POL50932,CUST10996,Whole,405475.53,18543.17,2021-06-29,2022-06-29,AGT5005,Cancelled
POL50933,CUST11519,Term,750020.13,36091.94,2023-06-28,2024-06-28,AGT5123,Lapsed
POL50934,CUST10314,Property,540844.83,25521.85,2021-08-08,2022-08-08,AGT5083,Active
POL50935,CUST11089,Whole,638280.44,33927.06,2021-10-23,2022-10-23,AGT5150,Active
POL50936,CUST10078,Vehicle,426049.81,20175.98,2020-10-01,2021-10-01,AGT5122,Lapsed
POL50937,CUST10879,Health,427062.09,21177.46,2023-09-05,2024-09-05,AGT5204,Lapsed
POL50938,CUST11225,Health,510993.27,26432.34,2025-01-09,2026-01-09,AGT5164,Lapsed
POL50939,CUST10058,Whole,644933.99,29984.44,2023-08-16,2024-08-16,AGT5281,Active
POL50940,CUST10551,Property,497900.45,25050.78,2026-03-25,2027-03-25,AGT5020,Active
POL50941,CUST11454,Vehicle,712391.56,38092.91,2026-04-26,2027-04-26,AGT5283,Active
POL50942,CUST10385,Whole,685740.44,34863.6,2026-07-01,2027-07-01,AGT5237,Active
POL50943,CUST11200,Property,597349.79,29762.27,2022-11-29,2023-11-29,AGT5213,Lapsed
POL50944,CUST11017,Health,510723.91,27266.93,2023-08-12,2024-08-12,AGT5247,Lapsed
POL50945,CUST10274,Health,566839.89,30877.2,2024-07-09,2025-07-09,AGT5015,Cancelled
POL50946,CUST11225,Whole,666690.32,35474.49,2024-03-15,2025-03-15,AGT5063,Lapsed
POL50947,CUST10880,Vehicle,429011.21,21057.63,2023-02-16,2024-02-16,AGT5000,Lapsed
POL50948,CUST10184,Property,713266.92,36460.02,2020-11-27,2021-11-27,AGT5239,Active
POL50949,CUST11573,Health,521290.97,26203.43,2026-03-16,2027-03-16,AGT5106,Cancelled
POL50950,CUST10814,Term,738333.73,35464.45,2022-12-25,2023-12-25,AGT5108,Lapsed
POL50951,CUST11233,Health,684439.84,33779.3,2024-01-25,2025-01-25,AGT5183,Active
POL50952,CUST10370,Health,360750.89,19225.38,2021-11-02,2022-11-02,AGT5126,Active
POL50953,CUST10228,Vehicle,523333.81,25122.53,2023-04-17,2024-04-17,AGT5191,Active
POL50954,CUST11224,Term,582254.23,31380.92,2022-03-16,2023-03-16,AGT5280,Active
POL50955,CUST11115,Vehicle,581967.09,31958.31,2026-02-25,2027-02-25,AGT5099,Lapsed
POL50956,CUST10449,Whole,701621.45,33725.31,2025-01-03,2026-01-03,AGT5267,Active
POL50957,CUST11236,Property,439325.04,20308.85,2023-09-25,2024-09-25,AGT5159,Active
POL50958,CUST10837,Vehicle,613298.46,33468.77,2023-08-10,2024-08-10,AGT5112,Active
POL50959,CUST10579,Property,747899.84,34934.89,2024-10-21,2025-10-21,AGT5275,Cancelled
POL50960,CUST11296,Property,768726.11,40523.12,2024-11-07,2025-11-07,AGT5146,Active
POL50961,CUST11027,Health,353529.94,16047.13,2024-07-30,2025-07-30,AGT5038,Active
POL50962,CUST10841,Term,752534.42,35636.76,2026-03-26,2027-03-26,AGT5085,Lapsed
POL50963,CUST11278,Term,428123.13,20379.33,2025-02-01,2026-02-01,AGT5253,Active
POL50964,CUST10899,Term,586346.63,28128.43,2022-02-16,2023-02-16,AGT5154,Lapsed
POL50965,CUST11555,Health,436229.43,23640.6,2020-11-17,2021-11-17,AGT5168,Active
POL50966,CUST11350,Health,562236.86,26286.31,2025-07-21,2026-07-21,AGT5204,Cancelled
POL50967,CUST10594,Term,395625.64,18490.11,2024-06-17,2025-06-17,AGT5058,Active
POL50968,CUST10768,Term,472423.92,24526.71,2024-09-24,2025-09-24,AGT5027,Active
POL50969,CUST11583,Health,455201.47,24819.03,2024-11-09,2025-11-09,AGT5132,Active
POL50970,CUST11481,Term,730804.14,35731.09,2024-07-18,2025-07-18,AGT5275,Cancelled
POL50971,CUST10326,Whole,609697.38,32150.13,2022-03-29,2023-03-29,AGT5038,Active
POL50972,CUST10449,Term,651682.01,29527.95,2023-05-29,2024-05-29,AGT5215,Lapsed
POL50973,CUST10603,Property,645265.85,34354.37,2024-10-04,2025-10-04,AGT5293,Active
POL50974,CUST11456,Property,536031.01,27999.03,2022-03-14,2023-03-14,AGT5029,Lapsed
POL50975,CUST11536,Term,386849.04,20876.76,2024-04-14,2025-04-14,AGT5039,Cancelled
POL50976,CUST11319,Vehicle,418453.85,21497.88,2026-05-21,2027-05-21,AGT5260,Active
POL50977,CUST10452,Term,556535.44,30282.97,2025-09-21,2026-09-21,AGT5032,Cancelled
POL50978,CUST11467,Whole,747398.49,36546.72,2020-09-30,2021-09-30,AGT5223,Active
POL50979,CUST10057,Vehicle,472030.45,24699.14,2025-04-19,2026-04-19,AGT5239,Active
POL50980,CUST10702,Vehicle,641964.48,33546.27,2024-07-16,2025-07-16,AGT5093,Active
POL50981,CUST10630,Vehicle,690453.23,32925.01,2026-03-05,2027-03-05,AGT5087,Lapsed
POL50982,CUST10887,Vehicle,720764.84,39069.63,2023-01-22,2024-01-22,AGT5156,Active
POL50983,CUST10931,Health,452720.24,23899.9,2024-03-10,2025-03-10,AGT5151,Active
POL50984,CUST10385,Whole,743544.02,39901.19,2026-01-29,2027-01-29,AGT5258,Active
POL50985,CUST10348,Vehicle,607817.29,29555.67,2023-10-14,2024-10-14,AGT5177,Lapsed
POL50986,CUST11322,Property,580736.61,31018.62,2021-10-21,2022-10-21,AGT5290,Lapsed
POL50987,CUST10130,Vehicle,672232.41,32367.83,2023-03-19,2024-03-19,AGT5071,Cancelled
POL50988,CUST10818,Property,476904.36,26059.97,2025-08-26,2026-08-26,AGT5084,Lapsed
POL50989,CUST10327,Whole,697843.39,31570.07,2022-03-11,2023-03-11,AGT5072,Lapsed
POL50990,CUST10526,Term,629460.77,32223.28,2022-06-27,2023-06-27,AGT5195,Active
POL50991,CUST10453,Property,692755.96,31951.56,2026-06-25,2027-06-25,AGT5010,Active
POL50992,CUST11175,Term,707958.02,36946.44,2024-08-16,2025-08-16,AGT5258,Cancelled
POL50993,CUST10754,Health,566071.61,27531.96,2022-12-21,2023-12-21,AGT5231,Active
POL50994,CUST10492,Whole,399143.02,21436.54,2022-07-10,2023-07-10,AGT5296,Lapsed
POL50995,CUST11370,Vehicle,490548.62,26355.72,2023-02-22,2024-02-22,AGT5287,Lapsed
POL50996,CUST10145,Term,716464.53,34878.14,2025-12-07,2026-12-07,AGT5021,Cancelled
POL50997,CUST11267,Term,620683.91,32958.2,2025-01-15,2026-01-15,AGT5224,Cancelled
POL50998,CUST10414,Property,727671.7,37701.67,2021-03-16,2022-03-16,AGT5151,Active
POL50999,CUST11522,Term,528197.62,26022.01,2024-06-28,2025-06-28,AGT5220,Lapsed
POL51000,CUST10010,Property,579320.07,28057.84,2025-05-02,2026-05-02,AGT5262,Active
POL51001,CUST10922,Term,710579.02,33470.44,2022-09-27,2023-09-27,AGT5174,Active
POL51002,CUST11039,Health,616710.98,28141.81,2021-07-12,2022-07-12,AGT5000,Lapsed
POL51003,CUST10953,Health,482125.4,24189.96,2025-03-02,2026-03-02,AGT5259,Active
POL51004,CUST11345,Whole,393712.66,19843.28,2026-04-03,2027-04-03,AGT5131,Active
POL51005,CUST10184,Term,717349.54,35465.9,2023-01-23,2024-01-23,AGT5137,Active
POL51006,CUST10691,Health,625224.9,34078.49,2022-07-10,2023-07-10,AGT5175,Lapsed
POL51007,CUST11427,Property,557926.92,25183.09,2026-08-06,2027-08-06,AGT5273,Active
POL51008,CUST11471,Vehicle,584478.9,31271.4,2025-07-28,2026-07-28,AGT5157,Lapsed
POL51009,CUST10827,Health,421509.21,22343.45,2020-09-06,2021-09-06,AGT5062,Lapsed
POL51010,CUST10925,Vehicle,533774.21,28069.86,2021-02-03,2022-02-03,AGT5219,Active
POL51011,CUST11264,Property,447830.24,22503.09,2024-11-07,2025-11-07,AGT5189,Cancelled
POL51012,CUST11287,Health,423699.35,19873.01,2023-10-28,2024-10-28,AGT5019,Active
POL51013,CUST11470,Property,710852.25,38122.15,2024-08-07,2025-08-07,AGT5159,Lapsed
POL51014,CUST11393,Property,524551.87,27510.62,2025-01-26,2026-01-26,AGT5235,Active
POL51015,CUST10689,Health,635153.16,33871.58,2021-09-12,2022-09-12,AGT5265,Cancelled
POL51016,CUST11076,Term,562292.8,26628.99,2022-12-03,2023-12-03,AGT5084,Lapsed
POL51017,CUST10800,Property,412249.44,20836.63,2024-11-24,2025-11-24,AGT5156,Active
POL51018,CUST10196,Health,476534.52,23426.24,2021-11-11,2022-11-11,AGT5247,Lapsed
POL51019,CUST11355,Health,405395.71,20836.01,2021-10-06,2022-10-06,AGT5175,Lapsed
POL51020,CUST10996,Whole,652026.92,34248.42,2026-05-14,2027-05-14,AGT5125,Active
POL51021,CUST10099,Health,668987.92,31266.59,2023-05-18,2024-05-18,AGT5055,Active
POL51022,CUST11121,Whole,678784.09,31726.63,2025-07-24,2026-07-24,AGT5012,Active
POL51023,CUST10465,Health,622453.16,28281.82,2021-10-14,2022-10-14,AGT5207,Lapsed
POL51024,CUST10117,Health,651653.29,30348.7,2021-01-10,2022-01-10,AGT5289,Lapsed
POL51025,CUST11005,Vehicle,671579.24,31834.02,2021-10-08,2022-10-08,AGT5180,Active
POL51026,CUST11214,Whole,603900.7,27613.47,2025-03-25,2026-03-25,AGT5234,Active
POL51027,CUST10857,Health,599996.7,29133.99,2022-03-25,2023-03-25,AGT5203,Active
POL51028,CUST10010,Property,545142.58,28212.04,2026-02-01,2027-02-01,AGT5104,Active
POL51029,CUST10952,Term,408505.61,21622.5,2023-02-16,2024-02-16,AGT5156,Active
POL51030,CUST10012,Health,596952.93,28927.24,2024-06-08,2025-06-08,AGT5081,Cancelled
POL51031,CUST11535,Health,602581.34,27621.27,2024-06-02,2025-06-02,AGT5066,Active
POL51032,CUST10440,Property,471133.2,24778.65,2025-11-19,2026-11-19,AGT5176,Active
POL51033,CUST11440,Whole,752267.5,36794.79,2021-09-02,2022-09-02,AGT5193,Active
POL51034,CUST10022,Whole,405216.9,19253.59,2022-06-07,2023-06-07,AGT5296,Lapsed
POL51035,CUST10162,Term,662268.38,32919.31,2022-12-09,2023-12-09,AGT5070,Active
POL51036,CUST10745,Term,750974.51,41077.29,2022-05-02,2023-05-02,AGT5087,Lapsed
POL51037,CUST11255,Health,458202.42,22326.55,2022-09-22,2023-09-22,AGT5049,Lapsed
POL51038,CUST11562,Property,736299.19,40197.91,2024-03-09,2025-03-09,AGT5284,Cancelled
POL51039,CUST10862,Whole,703177.96,33423.24,2023-07-17,2024-07-17,AGT5234,Lapsed
POL51040,CUST10589,Term,665377.76,30644.27,2024-09-16,2025-09-16,AGT5099,Active
POL51041,CUST10077,Property,752209.75,35031.75,2021-04-11,2022-04-11,AGT5290,Active
POL51042,CUST10962,Term,631022.77,33278.76,2021-01-14,2022-01-14,AGT5211,Active
POL51043,CUST10632,Term,570296.97,28729.35,2025-03-08,2026-03-08,AGT5142,Active
POL51044,CUST11505,Term,639272.31,32487.32,2020-09-18,2021-09-18,AGT5114,Lapsed
POL51045,CUST10792,Whole,543552.16,29719.85,2024-03-02,2025-03-02,AGT5170,Cancelled
POL51046,CUST11266,Vehicle,500807.35,25064.59,2026-08-07,2027-08-07,AGT5025,Cancelled
POL51047,CUST11402,Health,378785.97,17488.63,2021-04-03,2022-04-03,AGT5051,Active
POL51048,CUST10162,Whole,530533.3,27685.96,2023-10-22,2024-10-22,AGT5280,Active
POL51049,CUST10726,Health,631118.27,29712.11,2020-09-18,2021-09-18,AGT5061,Lapsed
POL51050,CUST11479,Term,742183.75,37714.35,2024-04-16,2025-04-16,AGT5049,Lapsed
POL51051,CUST10704,Term,753520.38,40346.34,2026-08-06,2027-08-06,AGT5257,Cancelled
POL51052,CUST10935,Health,422284.05,21017.42,2025-03-29,2026-03-29,AGT5283,Active
POL51053,CUST11443,Term,599501.22,28861.7,2026-04-08,2027-04-08,AGT5245,Lapsed
POL51054,CUST10393,Whole,606663.04,30791.47,2023-07-07,2024-07-07,AGT5030,Cancelled
POL51055,CUST11480,Term,448662.14,20759.38,2022-09-11,2023-09-11,AGT5251,Lapsed
POL51056,CUST10665,Property,608926.86,29274.55,2023-04-02,2024-04-02,AGT5080,Lapsed
POL51057,CUST10979,Property,524663.69,26254.92,2022-11-24,2023-11-24,AGT5003,Active
POL51058,CUST10544,Term,741028.06,35229.59,2026-01-06,2027-01-06,AGT5276,Active
POL51059,CUST10870,Health,439320.77,19941.9,2026-09-02,2027-09-02,AGT5080,Cancelled
POL51060,CUST10084,Term,700037.7,35597.9,2025-07-29,2026-07-29,AGT5197,Lapsed
POL51061,CUST10110,Health,663899.47,32539.36,2026-04-27,2027-04-27,AGT5022,Active
POL51062,CUST10690,Property,668310.82,32684.48,2024-08-30,2025-08-30,AGT5056,Active
POL51063,CUST10555,Vehicle,459148.01,25238.51,2022-12-11,2023-12-11,AGT5264,Active
POL51064,CUST11025,Health,441129.17,20343.92,2021-01-06,2022-01-06,AGT5177,Active
POL51065,CUST10064,Term,751981.47,34998.54,2022-10-23,2023-10-23,AGT5299,Active
POL51066,CUST10281,Term,410428.79,22065.73,2022-08-27,2023-08-27,AGT5054,Active
POL51067,CUST10358,Health,390980.07,18103.4,2021-04-10,2022-04-10,AGT5267,Lapsed
POL51068,CUST10726,Whole,761749.35,41268.71,2023-06-01,2024-06-01,AGT5262,Lapsed
POL51069,CUST10412,Term,677885.36,35059.97,2024-11-11,2025-11-11,AGT5277,Active
POL51070,CUST10228,Whole,672357.78,33807.24,2025-01-09,2026-01-09,AGT5014,Active
POL51071,CUST10988,Term,442619.26,21150.12,2026-01-01,2027-01-01,AGT5031,Lapsed
POL51072,CUST11230,Term,568030.16,27603.27,2021-07-04,2022-07-04,AGT5158,Active
POL51073,CUST11137,Property,708693.6,37744.7,2024-04-14,2025-04-14,AGT5034,Active
POL51074,CUST10453,Property,511615.22,23316.89,2025-11-20,2026-11-20,AGT5019,Active
POL51075,CUST11413,Property,459214.58,24193.94,2022-05-08,2023-05-08,AGT5243,Active
POL51076,CUST11016,Property,389213.95,20736.62,2024-11-13,2025-11-13,AGT5208,Active
POL51077,CUST11022,Property,624678.86,32520.57,2025-07-25,2026-07-25,AGT5253,Active
POL51078,CUST10363,Term,493588.63,22480.52,2022-11-19,2023-11-19,AGT5280,Active
POL51079,CUST10405,Vehicle,704468.18,36932.84,2024-05-20,2025-05-20,AGT5042,Active
POL51080,CUST10784,Vehicle,485169.84,25341.22,2024-08-17,2025-08-17,AGT5249,Active
POL51081,CUST10399,Term,439326.17,19827.2,2023-07-11,2024-07-11,AGT5013,Active
POL51082,CUST11140,Term,747910.73,40329.47,2023-02-25,2024-02-25,AGT5111,Active
POL51083,CUST10506,Whole,756439.15,35039.74,2021-10-19,2022-10-19,AGT5089,Active
POL51084,CUST10254,Property,648734.17,35425.96,2026-08-04,2027-08-04,AGT5071,Active
POL51085,CUST10253,Property,742428.5,33934.7,2026-06-02,2027-06-02,AGT5215,Active
POL51086,CUST10213,Health,406641.75,19266.89,2025-07-20,2026-07-20,AGT5036,Active
POL51087,CUST10723,Health,511119.3,26528.33,2020-10-09,2021-10-09,AGT5242,Active
POL51088,CUST10007,Term,459386.62,21302.87,2022-11-01,2023-11-01,AGT5262,Active
POL51089,CUST10897,Whole,569331.55,26673.0,2020-12-12,2021-12-12,AGT5199,Active
POL51090,CUST10489,Term,683334.41,30826.39,2025-07-09,2026-07-09,AGT5024,Lapsed
POL51091,CUST10912,Whole,710297.22,37833.84,2022-08-17,2023-08-17,AGT5178,Active
POL51092,CUST11550,Term,383088.72,17383.1,2023-05-04,2024-05-04,AGT5188,Lapsed
POL51093,CUST11437,Whole,534958.81,27457.15,2024-04-25,2025-04-25,AGT5111,Lapsed
POL51094,CUST10951,Property,767716.44,39017.71,2023-01-28,2024-01-28,AGT5110,Lapsed
POL51095,CUST10694,Property,611886.26,30663.09,2024-05-07,2025-05-07,AGT5140,Active
POL51096,CUST11156,Whole,499035.43,24328.76,2021-02-28,2022-02-28,AGT5298,Lapsed
POL51097,CUST11531,Term,529901.31,25432.94,2023-03-29,2024-03-29,AGT5001,Cancelled
POL51098,CUST10811,Vehicle,499929.1,27280.87,2026-04-06,2027-04-06,AGT5152,Active
POL51099,CUST10164,Whole,557325.4,29456.64,2026-04-05,2027-04-05,AGT5095,Active
POL51100,CUST11267,Term,551071.65,29883.14,2026-08-06,2027-08-06,AGT5164,Active
POL51101,CUST10018,Property,580142.37,30364.06,2025-10-25,2026-10-25,AGT5001,Active
POL51102,CUST11265,Term,558709.04,29773.65,2026-02-08,2027-02-08,AGT5275,Cancelled
POL51103,CUST10144,Property,583703.77,31894.6,2025-01-29,2026-01-29,AGT5137,Active
POL51104,CUST10177,Vehicle,388579.82,19248.86,2022-06-09,2023-06-09,AGT5290,Lapsed
POL51105,CUST11290,Whole,405954.36,21949.53,2021-11-04,2022-11-04,AGT5046,Active
POL51106,CUST11142,Term,523091.43,23764.43,2021-07-13,2022-07-13,AGT5175,Lapsed
POL51107,CUST10932,Health,659729.55,30399.49,2023-10-17,2024-10-17,AGT5203,Active
POL51108,CUST11354,Vehicle,676934.61,33781.57,2024-02-08,2025-02-08,AGT5238,Active
POL51109,CUST11407,Term,423523.61,20981.25,2025-10-25,2026-10-25,AGT5002,Active
POL51110,CUST10756,Vehicle,565046.1,27903.18,2023-09-14,2024-09-14,AGT5190,Lapsed
POL51111,CUST11644,Property,617766.1,31118.06,2021-06-10,2022-06-10,AGT5044,Active
POL51112,CUST10592,Term,565073.7,28470.52,2025-06-15,2026-06-15,AGT5128,Lapsed
POL51113,CUST10288,Whole,653563.16,35100.03,2022-06-25,2023-06-25,AGT5016,Active
POL51114,CUST11398,Health,699042.11,33874.97,2024-09-17,2025-09-17,AGT5017,Cancelled
POL51115,CUST10691,Term,418304.88,20146.57,2023-12-19,2024-12-19,AGT5229,Active
POL51116,CUST11446,Whole,583480.6,30352.05,2025-12-03,2026-12-03,AGT5215,Active
POL51117,CUST10103,Vehicle,571676.41,29432.63,2021-09-06,2022-09-06,AGT5268,Active
POL51118,CUST10182,Property,601515.84,32059.87,2023-05-09,2024-05-09,AGT5210,Active
POL51119,CUST10070,Property,449282.47,21607.24,2021-05-14,2022-05-14,AGT5178,Active
POL51120,CUST10997,Property,630767.75,28424.88,2024-08-25,2025-08-25,AGT5035,Lapsed
POL51121,CUST11371,Property,402071.26,21889.02,2022-02-13,2023-02-13,AGT5229,Active
POL51122,CUST10672,Term,664238.61,30184.5,2021-12-10,2022-12-10,AGT5069,Cancelled
POL51123,CUST10150,Health,582105.83,30153.16,2025-03-12,2026-03-12,AGT5031,Active
POL51124,CUST10620,Property,512213.11,24698.06,2024-08-19,2025-08-19,AGT5219,Lapsed
POL51125,CUST10577,Whole,765760.9,37702.49,2021-03-18,2022-03-18,AGT5176,Cancelled
POL51126,CUST11070,Whole,704079.68,37584.0,2023-04-14,2024-04-14,AGT5044,Active
POL51127,CUST11080,Property,592721.22,29159.39,2024-12-19,2025-12-19,AGT5164,Active
POL51128,CUST10169,Vehicle,752412.93,34944.85,2021-08-20,2022-08-20,AGT5207,Active
POL51129,CUST10696,Vehicle,691774.26,36348.83,2026-04-01,2027-04-01,AGT5149,Active
POL51130,CUST11068,Property,438121.25,19804.01,2026-02-02,2027-02-02,AGT5215,Lapsed
POL51131,CUST10429,Health,556871.21,26589.11,2025-04-09,2026-04-09,AGT5151,Active
POL51132,CUST10679,Health,553300.17,27875.67,2021-12-30,2022-12-30,AGT5106,Lapsed
POL51133,CUST11020,Term,630598.58,31137.47,2022-03-21,2023-03-21,AGT5067,Active
POL51134,CUST10672,Health,679264.81,34779.91,2023-07-14,2024-07-14,AGT5077,Lapsed
POL51135,CUST10053,Term,569210.17,27785.13,2026-01-22,2027-01-22,AGT5242,Active
POL51136,CUST10379,Health,377083.51,18441.59,2021-05-30,2022-05-30,AGT5111,Lapsed
POL51137,CUST11283,Health,517765.98,25104.7,2021-06-27,2022-06-27,AGT5214,Lapsed
POL51138,CUST10414,Health,625728.04,33709.66,2023-11-18,2024-11-18,AGT5107,Active
POL51139,CUST11349,Property,523064.38,23628.37,2025-01-10,2026-01-10,AGT5157,Lapsed
POL51140,CUST10771,Property,395435.39,21510.27,2021-03-20,2022-03-20,AGT5182,Lapsed
POL51141,CUST10781,Property,501748.64,24376.06,2024-10-28,2025-10-28,AGT5143,Active
POL51142,CUST11275,Property,647627.73,31506.33,2025-11-27,2026-11-27,AGT5223,Active
POL51143,CUST10639,Whole,418113.63,21850.17,2026-04-07,2027-04-07,AGT5277,Active
POL51144,CUST10401,Vehicle,520114.7,25424.65,2025-04-09,2026-04-09,AGT5258,Active
POL51145,CUST10174,Whole,436255.37,22321.64,2024-04-11,2025-04-11,AGT5276,Lapsed
POL51146,CUST11112,Property,568232.51,30705.19,2024-07-15,2025-07-15,AGT5008,Active
POL51147,CUST10774,Vehicle,431492.1,23068.42,2022-12-08,2023-12-08,AGT5227,Lapsed
POL51148,CUST11333,Health,388162.94,19467.79,2024-12-23,2025-12-23,AGT5217,Active
POL51149,CUST10756,Property,653652.53,34098.78,2025-02-02,2026-02-02,AGT5123,Active
POL51150,CUST10691,Health,405300.56,19829.07,2022-12-18,2023-12-18,AGT5094,Active
POL51151,CUST10490,Health,404178.53,21324.64,2024-07-11,2025-07-11,AGT5015,Active
POL51152,CUST10340,Health,557381.71,26030.75,2024-01-17,2025-01-17,AGT5251,Active
POL51153,CUST11369,Health,365257.83,16603.28,2025-10-23,2026-10-23,AGT5252,Active
POL51154,CUST10158,Property,397702.16,20047.1,2025-07-11,2026-07-11,AGT5022,Cancelled
POL51155,CUST11492,Term,546096.75,25750.31,2022-01-06,2023-01-06,AGT5174,Lapsed
POL51156,CUST10048,Health,477783.42,24981.99,2021-05-14,2022-05-14,AGT5165,Active
POL51157,CUST10864,Term,589272.3,27114.32,2021-03-14,2022-03-14,AGT5051,Lapsed
POL51158,CUST10100,Property,767491.58,34602.32,2021-03-17,2022-03-17,AGT5164,Lapsed
POL51159,CUST11287,Vehicle,542319.06,28068.83,2025-02-12,2026-02-12,AGT5243,Active
POL51160,CUST10361,Whole,606782.48,30343.97,2026-04-19,2027-04-19,AGT5097,Lapsed
POL51161,CUST10936,Vehicle,725474.09,39552.96,2025-02-21,2026-02-21,AGT5217,Cancelled
POL51162,CUST11518,Property,571023.95,27109.28,2021-05-15,2022-05-15,AGT5291,Active
POL51163,CUST11075,Property,685731.4,31703.12,2022-11-18,2023-11-18,AGT5136,Active
POL51164,CUST10301,Health,542028.39,24516.52,2025-10-17,2026-10-17,AGT5032,Lapsed
POL51165,CUST11312,Whole,630324.79,31164.82,2026-05-26,2027-05-26,AGT5089,Active
POL51166,CUST10728,Term,737249.68,33919.51,2024-02-19,2025-02-19,AGT5040,Lapsed
POL51167,CUST10025,Property,385270.95,20325.52,2020-09-06,2021-09-06,AGT5105,Active
POL51168,CUST10806,Vehicle,718555.28,32852.25,2021-01-16,2022-01-16,AGT5193,Active
POL51169,CUST11340,Vehicle,566127.58,30688.39,2023-11-21,2024-11-21,AGT5060,Active
POL51170,CUST10711,Health,562367.53,28348.13,2025-10-03,2026-10-03,AGT5154,Active
POL51171,CUST11255,Whole,558272.32,29009.91,2026-07-21,2027-07-21,AGT5299,Active
POL51172,CUST11170,Term,481040.46,22276.58,2022-08-04,2023-08-04,AGT5079,Cancelled
POL51173,CUST10754,Vehicle,402950.72,18493.44,2022-11-12,2023-11-12,AGT5263,Cancelled
POL51174,CUST10532,Term,742065.46,36017.51,2024-10-01,2025-10-01,AGT5091,Active
POL51175,CUST11207,Health,568356.67,28533.97,2025-06-15,2026-06-15,AGT5184,Active
POL51176,CUST10610,Whole,721286.23,36608.9,2023-10-17,2024-10-17,AGT5047,Active
POL51177,CUST10284,Term,492443.36,23783.97,2024-04-13,2025-04-13,AGT5080,Active
POL51178,CUST10529,Whole,492029.6,23482.91,2022-01-02,2023-01-02,AGT5260,Lapsed
POL51179,CUST11451,Whole,514277.01,28189.63,2023-01-17,2024-01-17,AGT5176,Active
POL51180,CUST10465,Vehicle,465332.45,22208.74,2023-11-26,2024-11-26,AGT5170,Active
POL51181,CUST10396,Property,576718.72,26747.78,2023-06-09,2024-06-09,AGT5153,Cancelled
POL51182,CUST10222,Term,738676.15,35895.67,2021-07-17,2022-07-17,AGT5073,Active
POL51183,CUST10094,Vehicle,709151.69,34066.73,2026-05-01,2027-05-01,AGT5278,Active
POL51184,CUST11612,Vehicle,565147.97,27815.09,2025-09-12,2026-09-12,AGT5118,Active
POL51185,CUST10889,Term,514552.88,26364.22,2023-09-03,2024-09-03,AGT5003,Active
POL51186,CUST11212,Whole,620499.8,31665.02,2023-05-30,2024-05-30,AGT5272,Cancelled
POL51187,CUST11278,Health,564290.35,29333.45,2024-04-13,2025-04-13,AGT5013,Active
POL51188,CUST10582,Vehicle,636462.83,29638.07,2021-07-19,2022-07-19,AGT5266,Lapsed
POL51189,CUST11315,Term,585831.41,26631.57,2024-08-31,2025-08-31,AGT5079,Active
POL51190,CUST11590,Property,395300.78,20914.61,2025-06-25,2026-06-25,AGT5020,Lapsed
POL51191,CUST11225,Property,414277.91,19542.12,2024-11-21,2025-11-21,AGT5066,Active
POL51192,CUST11181,Health,690821.24,33267.64,2024-04-07,2025-04-07,AGT5196,Active
POL51193,CUST10714,Property,672300.59,33317.06,2022-07-12,2023-07-12,AGT5163,Lapsed
POL51194,CUST11390,Vehicle,736437.33,38414.83,2026-08-13,2027-08-13,AGT5045,Cancelled
POL51195,CUST10148,Whole,515717.36,24050.91,2021-05-31,2022-05-31,AGT5090,Cancelled
POL51196,CUST11239,Vehicle,580210.88,31345.33,2026-08-28,2027-08-28,AGT5063,Active
POL51197,CUST10598,Property,508951.49,24539.24,2024-11-29,2025-11-29,AGT5195,Active
POL51198,CUST10936,Whole,734939.99,40294.28,2023-07-18,2024-07-18,AGT5259,Lapsed
POL51199,CUST11478,Health,450706.68,21568.17,2025-08-24,2026-08-24,AGT5076,Active
POL51200,CUST11001,Health,592833.96,30979.45,2023-08-24,2024-08-24,AGT5268,Lapsed
POL51201,CUST10045,Vehicle,444171.01,21660.75,2024-11-24,2025-11-24,AGT5122,Lapsed
POL51202,CUST11200,Whole,425521.81,22708.34,2022-12-07,2023-12-07,AGT5024,Lapsed
POL51203,CUST11539,Property,444919.31,22078.71,2026-07-24,2027-07-24,AGT5096,Active
POL51204,CUST11068,Health,535309.34,28748.96,2022-09-03,2023-09-03,AGT5262,Active
POL51205,CUST11424,Term,703692.41,36971.57,2025-08-22,2026-08-22,AGT5242,Active
POL51206,CUST11361,Vehicle,755727.74,38436.53,2021-12-08,2022-12-08,AGT5218,Cancelled
POL51207,CUST11424,Term,619053.58,29404.98,2025-01-25,2026-01-25,AGT5119,Cancelled
POL51208,CUST10570,Property,590437.36,28104.04,2025-07-15,2026-07-15,AGT5232,Lapsed
POL51209,CUST10783,Health,625408.91,34343.84,2024-11-16,2025-11-16,AGT5213,Active
POL51210,CUST11402,Property,409541.52,22219.22,2020-12-27,2021-12-27,AGT5237,Lapsed
POL51211,CUST11508,Vehicle,683952.15,31724.56,2025-11-13,2026-11-13,AGT5167,Lapsed
POL51212,CUST10245,Vehicle,664667.47,31266.39,2021-09-30,2022-09-30,AGT5152,Active
POL51213,CUST10307,Whole,588873.49,27128.31,2023-08-07,2024-08-07,AGT5290,Lapsed
POL51214,CUST10575,Property,393849.99,18516.22,2023-01-09,2024-01-09,AGT5284,Active
POL51215,CUST11275,Property,462845.84,22171.42,2026-07-31,2027-07-31,AGT5160,Active
POL51216,CUST11446,Health,479399.41,25588.55,2024-08-18,2025-08-18,AGT5060,Active
POL51217,CUST10957,Vehicle,733782.0,33718.62,2025-10-06,2026-10-06,AGT5122,Active
POL51218,CUST10187,Whole,630818.2,33951.4,2026-08-15,2027-08-15,AGT5151,Active
POL51219,CUST10497,Whole,581385.66,31813.02,2023-12-18,2024-12-18,AGT5203,Cancelled
POL51220,CUST11417,Property,573044.17,27401.48,2022-09-12,2023-09-12,AGT5095,Lapsed
POL51221,CUST10576,Vehicle,672830.83,33347.07,2024-09-27,2025-09-27,AGT5013,Cancelled
POL51222,CUST10169,Term,504964.94,25396.35,2026-08-13,2027-08-13,AGT5246,Lapsed
POL51223,CUST10496,Health,383083.68,18026.73,2025-03-21,2026-03-21,AGT5284,Active
POL51224,CUST11328,Term,639792.02,33471.21,2023-01-08,2024-01-08,AGT5024,Active
POL51225,CUST10818,Health,465155.6,23629.9,2023-11-04,2024-11-04,AGT5095,Active
POL51226,CUST10288,Health,463957.49,21398.54,2022-05-16,2023-05-16,AGT5130,Lapsed
POL51227,CUST10516,Health,509150.33,27473.66,2024-11-07,2025-11-07,AGT5228,Lapsed
POL51228,CUST11577,Whole,478452.6,22976.22,2021-11-04,2022-11-04,AGT5232,Lapsed
POL51229,CUST10713,Term,733129.52,34136.32,2025-10-23,2026-10-23,AGT5102,Active
POL51230,CUST10728,Term,704619.22,38626.2,2023-01-14,2024-01-14,AGT5093,Lapsed
POL51231,CUST10255,Term,759600.2,34963.71,2021-06-16,2022-06-16,AGT5121,Cancelled
POL51232,CUST10500,Term,749475.37,34173.8,2025-03-09,2026-03-09,AGT5072,Lapsed
POL51233,CUST11344,Vehicle,496864.12,23539.2,2024-02-27,2025-02-27,AGT5130,Active
POL51234,CUST11294,Whole,531530.21,25615.85,2025-07-03,2026-07-03,AGT5078,Active
POL51235,CUST10716,Health,594390.3,29326.04,2025-10-09,2026-10-09,AGT5018,Lapsed
POL51236,CUST11479,Vehicle,383989.75,19910.52,2024-12-06,2025-12-06,AGT5214,Active
POL51237,CUST10633,Term,760668.61,37011.95,2023-06-02,2024-06-02,AGT5236,Active
POL51238,CUST11428,Whole,389174.59,19689.64,2021-08-27,2022-08-27,AGT5086,Active
POL51239,CUST10054,Property,589622.08,26567.26,2021-07-01,2022-07-01,AGT5120,Active
POL51240,CUST10575,Health,584045.11,28530.02,2024-11-06,2025-11-06,AGT5120,Active
POL51241,CUST11413,Term,730246.82,39761.71,2022-06-03,2023-06-03,AGT5006,Active
POL51242,CUST11490,Health,575447.71,30353.98,2021-07-17,2022-07-17,AGT5163,Active
POL51243,CUST11253,Term,609243.6,31929.24,2021-12-25,2022-12-25,AGT5137,Active
POL51244,CUST11108,Term,496087.07,23834.58,2025-03-01,2026-03-01,AGT5282,Active
POL51245,CUST11345,Term,606936.51,30275.06,2025-01-31,2026-01-31,AGT5111,Active
POL51246,CUST11173,Property,673635.08,36002.59,2020-09-23,2021-09-23,AGT5238,Active
POL51247,CUST10422,Health,530457.09,28539.42,2025-01-11,2026-01-11,AGT5117,Active
POL51248,CUST10769,Term,678930.87,35375.99,2024-02-16,2025-02-16,AGT5055,Active
POL51249,CUST11092,Property,411801.02,20411.09,2024-09-28,2025-09-28,AGT5104,Active
POL51250,CUST10971,Property,514120.32,23511.57,2026-08-09,2027-08-09,AGT5264,Active
POL51251,CUST11464,Health,685934.88,31685.76,2021-07-23,2022-07-23,AGT5076,Lapsed
POL51252,CUST10782,Property,509526.1,22930.17,2026-05-18,2027-05-18,AGT5253,Active
POL51253,CUST10301,Whole,624414.29,30341.54,2023-03-28,2024-03-28,AGT5199,Active
POL51254,CUST10364,Whole,585155.63,26468.84,2025-09-21,2026-09-21,AGT5223,Active
POL51255,CUST11398,Property,745600.25,36795.53,2026-03-25,2027-03-25,AGT5225,Active
POL51256,CUST10015,Health,406970.16,20745.47,2021-04-01,2022-04-01,AGT5155,Lapsed
POL51257,CUST11438,wholee,454785.83,23175.34,2026-07-09,2027-07-09,AGT5180,Active
POL51258,CUST10094,Health,651832.06,32952.05,2021-10-01,2022-10-01,AGT5020,Lapsed
POL51259,CUST10656,Health,583170.89,27561.65,2020-12-27,2021-12-27,AGT5209,Lapsed
POL51260,CUST11316,Term,588673.33,29546.63,2026-07-22,2027-07-22,AGT5213,Active
POL51261,CUST10680,Term,532154.5,29161.19,2024-07-29,2025-07-29,AGT5031,Lapsed
POL51262,CUST11355,Term,538416.84,26622.65,2024-03-26,2025-03-26,AGT5155,Active
POL51263,CUST10165,Property,744945.23,40037.02,2026-06-29,2027-06-29,AGT5152,Active
POL51264,CUST10848,Whole,643364.11,31405.21,2024-06-08,2025-06-08,AGT5092,Cancelled
POL51265,CUST10959,Health,675184.44,34590.0,2023-02-05,2024-02-05,AGT5019,Active
POL51266,CUST11474,Property,759291.65,37826.69,2020-11-16,2021-11-16,AGT5002,Lapsed
POL51267,CUST10156,Whole,595598.08,30903.34,2022-02-12,2023-02-12,AGT5062,Active
POL51268,CUST10559,Whole,619807.24,33453.34,2023-08-10,2024-08-10,AGT5069,Active
POL51269,CUST11089,Vehicle,626105.94,30935.27,2024-10-20,2025-10-20,AGT5063,Active
POL51270,CUST11618,Term,701642.97,36888.17,2026-05-27,2027-05-27,AGT5181,Active
POL51271,CUST11402,Term,632935.86,34068.02,2024-08-03,2025-08-03,AGT5126,Active
POL51272,CUST11400,Whole,429139.26,22699.51,2022-12-04,2023-12-04,AGT5033,Cancelled
POL51273,CUST10857,Property,747835.59,33836.24,2024-10-28,2025-10-28,AGT5025,Active
POL51274,CUST10934,Health,581327.03,26160.82,2025-06-12,2026-06-12,AGT5196,Active
POL51275,CUST11420,Health,654471.05,35229.91,2024-08-16,2025-08-16,AGT5280,Active
POL51276,CUST11438,Property,548524.03,28684.04,2025-05-04,2026-05-04,AGT5245,Active
POL51277,CUST11319,Property,567765.8,30989.41,2025-11-11,2026-11-11,AGT5227,Lapsed
POL51278,CUST11350,Vehicle,638387.7,30594.62,2024-07-29,2025-07-29,AGT5095,Lapsed
POL51279,CUST11456,Health,621741.4,32877.49,2022-04-29,2023-04-29,AGT5211,Active
POL51280,CUST10187,Vehicle,407657.39,21612.05,2024-08-04,2025-08-04,AGT5024,Lapsed
POL51281,CUST10479,Term,536901.29,28763.56,2022-11-17,2023-11-17,AGT5051,Active
POL51282,CUST11612,Health,619449.73,32162.0,2021-05-24,2022-05-24,AGT5041,Active
POL51283,CUST10898,Property,767010.83,35576.32,2021-03-03,2022-03-03,AGT5055,Active
POL51284,CUST10298,Vehicle,382400.85,19811.97,2023-08-11,2024-08-11,AGT5107,Lapsed
POL51285,CUST10832,Health,442682.88,22596.68,2024-09-07,2025-09-07,AGT5013,Active
POL51286,CUST11071,Term,558839.73,27012.48,2023-09-25,2024-09-25,AGT5244,Active
POL51287,CUST11365,Term,466552.26,21968.14,2020-10-23,2021-10-23,AGT5214,Active
POL51288,CUST11339,Property,395365.05,21290.8,2024-02-10,2025-02-10,AGT5190,Active
POL51289,CUST10084,Health,538840.06,25012.67,2024-02-10,2025-02-10,AGT5052,Active
POL51290,CUST10749,Vehicle,623472.67,30688.56,2022-04-26,2023-04-26,AGT5260,Lapsed
POL51291,CUST10038,Whole,545183.89,27928.67,2025-02-22,2026-02-22,AGT5001,Active
POL51292,CUST11470,Property,527403.06,28858.42,2025-06-10,2026-06-10,AGT5298,Active
POL51293,CUST10294,Whole,764460.07,39530.05,2021-10-04,2022-10-04,AGT5218,Active
POL51294,CUST11042,Whole,568848.48,27332.48,2023-07-31,2024-07-31,AGT5060,Active
POL51295,CUST10942,Property,692256.74,31571.49,2024-07-16,2025-07-16,AGT5059,Active
POL51296,CUST11043,Vehicle,486551.84,23440.62,2023-04-11,2024-04-11,AGT5208,Active
POL51297,CUST10933,Health,640565.89,30700.96,2024-02-07,2025-02-07,AGT5242,Active
POL51298,CUST11188,Vehicle,689358.48,36667.53,2021-04-08,2022-04-08,AGT5139,Active
POL51299,CUST11043,Whole,488065.32,23800.92,2021-01-20,2022-01-20,AGT5018,Active
POL51300,CUST10150,Whole,637504.16,29315.3,2026-02-16,2027-02-16,AGT5148,Active
POL51301,CUST10608,Health,588705.24,31613.34,2025-06-12,2026-06-12,AGT5143,Active
POL51302,CUST10902,Term,550357.82,24865.46,2021-10-13,2022-10-13,AGT5097,Active
POL51303,CUST10537,Health,620823.02,27955.72,2025-07-20,2026-07-20,AGT5270,Active
POL51304,CUST11259,Property,503150.83,25030.51,2020-10-16,2021-10-16,AGT5102,Active
POL51305,CUST10524,Whole,571444.66,26110.57,2024-01-04,2025-01-04,AGT5073,Active
POL51306,CUST11366,Term,759242.88,35510.56,2023-11-22,2024-11-22,AGT5202,Active
POL51307,CUST10245,Property,453790.13,24891.68,2025-07-19,2026-07-19,AGT5185,Active
POL51308,CUST11274,Whole,441896.35,23616.55,2023-08-09,2024-08-09,AGT5186,Cancelled
POL51309,CUST10310,Term,435748.8,22937.98,2023-10-15,2024-10-15,AGT5151,Active
POL51310,CUST10871,Health,699338.25,36161.33,2024-03-07,2025-03-07,AGT5095,Active
POL51311,CUST10528,Health,405969.65,18462.75,2024-12-15,2025-12-15,AGT5077,Active
POL51312,CUST11061,Term,454076.27,24229.1,2025-05-31,2026-05-31,AGT5035,Active
POL51313,CUST10363,Whole,652492.84,32436.65,2021-06-02,2022-06-02,AGT5055,Active
POL51314,CUST11311,Health,615823.82,28317.55,2025-03-11,2026-03-11,AGT5173,Active
POL51315,CUST10946,Vehicle,577229.17,27711.34,2026-06-20,2027-06-20,AGT5121,Active
POL51316,CUST11582,Whole,763327.61,38181.4,2026-01-22,2027-01-22,AGT5221,Active
POL51317,CUST11181,Whole,399979.92,18053.87,2021-10-04,2022-10-04,AGT5241,Active
POL51318,CUST11007,Term,618343.16,29386.26,2024-04-08,2025-04-08,AGT5167,Active
POL51319,CUST11366,Whole,618490.69,29909.74,2021-10-02,2022-10-02,AGT5031,Lapsed
POL51320,CUST10375,Whole,508679.24,25249.78,2024-01-01,2025-01-01,AGT5001,Lapsed
POL51321,CUST11055,Whole,731284.58,32922.3,2025-06-23,2026-06-23,AGT5068,Active
POL51322,CUST10652,Term,592424.37,30008.92,2021-05-30,2022-05-30,AGT5084,Active
POL51323,CUST11230,Whole,479841.0,22541.17,2021-06-12,2022-06-12,AGT5022,Cancelled
POL51324,CUST10043,Health,380925.48,19416.73,2021-11-29,2022-11-29,AGT5233,Active
POL51325,CUST10708,Health,387491.61,18363.81,2021-08-22,2022-08-22,AGT5110,Active
POL51326,CUST11079,Vehicle,717190.46,35161.83,2024-01-18,2025-01-18,AGT5222,Lapsed
POL51327,CUST10761,Term,476992.79,24439.35,2025-10-13,2026-10-13,AGT5062,Active
POL51328,CUST10400,Whole,734197.04,37859.4,2020-11-18,2021-11-18,AGT5003,Lapsed
POL51329,CUST10767,Term,427324.98,19360.37,2026-07-22,2027-07-22,AGT5041,Lapsed
POL51330,CUST11405,Property,763815.07,38458.66,2023-09-17,2024-09-17,AGT5141,Active
POL51331,CUST10355,Whole,705839.39,37526.95,2022-11-08,2023-11-08,AGT5143,Active
POL51332,CUST10609,Health,390680.06,18387.06,2023-12-10,2024-12-10,AGT5131,Lapsed
POL51333,CUST11635,Health,380119.78,19127.58,2023-03-19,2024-03-19,AGT5287,Active
POL51334,CUST11511,Term,688011.29,34040.15,2026-05-06,2027-05-06,AGT5195,Active
POL51335,CUST10058,Whole,415055.51,22205.2,2020-09-03,2021-09-03,AGT5219,Active
POL51336,CUST10877,Vehicle,477104.41,23563.06,2022-06-23,2023-06-23,AGT5037,Lapsed
POL51337,CUST10110,Health,630437.43,34320.01,2026-05-09,2027-05-09,AGT5139,Active
POL51338,CUST11531,Health,667653.0,34400.34,2023-10-16,2024-10-16,AGT5186,Active
POL51339,CUST10728,Whole,680546.04,34445.04,2025-05-15,2026-05-15,AGT5175,Active
POL51340,CUST10694,Property,727608.74,34866.43,2024-08-17,2025-08-17,AGT5284,Active
POL51341,CUST10447,Term,595097.39,30329.29,2023-05-06,2024-05-06,AGT5142,Cancelled
POL51342,CUST10939,Property,685150.3,31731.0,2024-02-19,2025-02-19,AGT5111,Active
POL51343,CUST10243,Property,517511.74,25442.14,2024-11-04,2025-11-04,AGT5283,Active
POL51344,CUST11315,Term,681059.17,32584.79,2023-10-23,2024-10-23,AGT5101,Cancelled
POL51345,CUST10814,Term,640821.16,33132.23,2026-08-04,2027-08-04,AGT5171,Lapsed
POL51346,CUST10937,Vehicle,595285.76,31335.82,2022-10-14,2023-10-14,AGT5008,Active
POL51347,CUST11388,Vehicle,753089.9,40882.46,2023-11-26,2024-11-26,AGT5049,Active
POL51348,CUST10314,Vehicle,555576.66,26234.89,2021-12-06,2022-12-06,AGT5017,Lapsed
POL51349,CUST10296,Vehicle,612075.46,32958.74,2021-04-08,2022-04-08,AGT5125,Lapsed
POL51350,CUST10698,Whole,581313.69,31076.75,2025-08-04,2026-08-04,AGT5279,Active
POL51351,CUST11294,Term,480885.08,25787.13,2022-02-04,2023-02-04,AGT5021,Active
POL51352,CUST10100,Property,512190.71,26841.23,2021-10-20,2022-10-20,AGT5292,Lapsed
POL51353,CUST11310,Property,761832.52,36322.05,2022-06-21,2023-06-21,AGT5260,Lapsed
POL51354,CUST10829,Term,531090.14,28561.35,2025-09-02,2026-09-02,AGT5001,Cancelled
POL51355,CUST10932,Term,640693.49,32672.48,2026-06-02,2027-06-02,AGT5004,Active
POL51356,CUST10934,Property,603332.45,31618.31,2024-04-14,2025-04-14,AGT5270,Active
POL51357,CUST10097,Whole,727575.03,34234.28,2021-12-20,2022-12-20,AGT5175,Active
POL51358,CUST10415,Vehicle,664406.85,30944.15,2022-10-30,2023-10-30,AGT5052,Active
POL51359,CUST11250,Property,416050.79,19874.13,2021-06-11,2022-06-11,AGT5286,Active
POL51360,CUST10686,Vehicle,512357.03,25676.11,2024-05-29,2025-05-29,AGT5168,Active
POL51361,CUST10931,Health,599169.74,29458.93,2021-02-12,2022-02-12,AGT5190,Lapsed
POL51362,CUST11566,Term,443057.62,23870.21,2022-03-15,2023-03-15,AGT5203,Lapsed
POL51363,CUST10078,Whole,578824.08,26122.44,2022-12-18,2023-12-18,AGT5060,Cancelled
POL51364,CUST10743,Whole,507341.08,23236.47,2026-02-04,2027-02-04,AGT5107,Cancelled
POL51365,CUST10597,Vehicle,402477.1,19421.17,2023-01-27,2024-01-27,AGT5038,Active
POL51366,CUST10177,Property,768901.24,35890.25,2021-03-04,2022-03-04,AGT5158,Active
POL51367,CUST11574,Vehicle,729299.82,35784.92,2022-03-14,2023-03-14,AGT5296,Lapsed
POL51368,CUST11590,Health,611634.15,31912.58,2023-03-24,2024-03-24,AGT5188,Active
POL51369,CUST10513,Term,458191.36,25170.37,2024-11-03,2025-11-03,AGT5207,Active
POL51370,CUST11570,Vehicle,751662.9,35343.75,2023-11-21,2024-11-21,AGT5058,Active
POL51371,CUST10060,Health,570777.3,27203.1,2021-02-04,2022-02-04,AGT5162,Lapsed
POL51372,CUST11619,Vehicle,743176.52,39156.03,2025-01-26,2026-01-26,AGT5298,Active
POL51373,CUST11378,Term,397743.85,18980.53,2026-08-24,2027-08-24,AGT5026,Active
POL51374,CUST10364,Property,451786.23,23509.83,2024-11-08,2025-11-08,AGT5061,Active
POL51375,CUST10991,Vehicle,633999.32,32229.29,2021-10-30,2022-10-30,AGT5215,Active
POL51376,CUST11313,Whole,734264.19,39319.07,2022-11-27,2023-11-27,AGT5003,Active
POL51377,CUST10526,Term,448560.91,20334.78,2024-08-13,2025-08-13,AGT5061,Lapsed
POL51378,CUST10586,Term,502472.98,27534.25,2025-08-06,2026-08-06,AGT5283,Active
POL51379,CUST11049,Vehicle,600331.03,32803.59,2024-04-21,2025-04-21,AGT5005,Lapsed
POL51380,CUST10245,Vehicle,755871.87,34183.46,2023-03-11,2024-03-11,AGT5128,Active
POL51381,CUST10197,Vehicle,680273.4,34010.33,2021-08-05,2022-08-05,AGT5098,Lapsed
POL51382,CUST10415,Vehicle,727106.73,35638.6,2026-08-18,2027-08-18,AGT5119,Active
POL51383,CUST11224,Health,586254.39,27871.49,2023-04-11,2024-04-11,AGT5077,Active
POL51384,CUST10608,Health,657079.94,35993.7,2020-10-29,2021-10-29,AGT5082,Active
POL51385,CUST10841,Whole,580212.34,27122.61,2024-04-18,2025-04-18,AGT5228,Active
POL51386,CUST10333,Vehicle,424931.96,20241.87,2021-02-19,2022-02-19,AGT5007,Active
POL51387,CUST10330,Vehicle,646212.7,29132.71,2021-06-03,2022-06-03,AGT5038,Active
POL51388,CUST11078,Vehicle,605357.52,30753.51,2021-05-02,2022-05-02,AGT5079,Active
POL51389,CUST10179,Vehicle,561462.32,30098.86,2023-12-19,2024-12-19,AGT5247,Active
POL51390,CUST11104,Whole,490871.5,25142.01,2021-01-25,2022-01-25,AGT5117,Active
POL51391,CUST10669,Vehicle,674428.74,34743.92,2024-07-07,2025-07-07,AGT5010,Active
POL51392,CUST11111,Vehicle,688115.01,31421.54,2022-11-07,2023-11-07,AGT5156,Lapsed
POL51393,CUST10637,Vehicle,515662.17,26890.79,2022-09-04,2023-09-04,AGT5188,Lapsed
POL51394,CUST11398,Health,674718.3,33121.95,2022-04-24,2023-04-24,AGT5137,Lapsed
POL51395,CUST10094,Health,479409.59,23844.45,2025-11-20,2026-11-20,AGT5026,Active
POL51396,CUST11478,Health,387646.87,19711.9,2022-01-10,2023-01-10,AGT5263,Active
POL51397,CUST10442,Property,449113.42,24590.6,2020-09-24,2021-09-24,AGT5257,Lapsed
POL51398,CUST10074,Health,523080.41,27452.22,2022-12-08,2023-12-08,AGT5273,Lapsed
POL51399,CUST10933,Property,415747.25,21552.03,2026-06-27,2027-06-27,AGT5289,Lapsed
POL51400,CUST10382,Whole,661588.83,32628.85,2022-12-11,2023-12-11,AGT5095,Active
POL51401,CUST10759,Property,691111.9,31338.13,2021-04-21,2022-04-21,AGT5126,Lapsed
POL51402,CUST11319,Term,591122.17,29784.78,2026-03-24,2027-03-24,AGT5287,Active
POL51403,CUST11304,Property,728939.15,37619.68,2021-09-23,2022-09-23,AGT5134,Active
POL51404,CUST10992,Whole,752400.29,39156.34,2025-01-16,2026-01-16,AGT5259,Active
POL51405,CUST11615,Term,552252.18,28208.38,2022-07-06,2023-07-06,AGT5194,Active
POL51406,CUST10767,Whole,419313.96,20128.61,2025-08-08,2026-08-08,AGT5278,Active
POL51407,CUST10067,Property,474036.68,22379.42,2023-08-12,2024-08-12,AGT5003,Active
POL51408,CUST11353,Health,580165.62,26630.15,2023-11-06,2024-11-06,AGT5211,Active
POL51409,CUST10376,Property,541226.99,28159.13,2024-11-16,2024-11-16,AGT5240,Active
POL51410,CUST10297,Term,642831.08,35167.91,2025-11-12,2026-11-12,AGT5059,Active
POL51411,CUST10118,Term,635859.47,31952.08,2023-12-25,2024-12-25,AGT5220,Active
POL51412,CUST10544,Term,612447.94,31683.05,2024-04-26,2025-04-26,AGT5058,Lapsed
POL51413,CUST10539,Whole,445765.54,23146.83,2026-01-20,2027-01-20,AGT5271,Active
POL51414,CUST10496,Property,495077.39,23077.75,2021-09-12,2022-09-12,AGT5272,Active
POL51415,CUST10979,Vehicle,520831.69,24436.39,2026-05-09,2027-05-09,AGT5001,Active
POL51416,CUST11242,Vehicle,689630.0,32469.0,2023-01-04,2024-01-04,AGT5152,Cancelled
POL51417,CUST11552,Health,588777.99,31987.38,2022-09-29,2023-09-29,AGT5114,Active
POL51418,CUST10157,Term,627542.42,28337.18,2025-02-13,2026-02-13,AGT5267,Active
POL51419,CUST10250,Health,585248.07,29503.34,2026-06-25,2027-06-25,AGT5096,Active
POL51420,CUST10974,Whole,578732.8,28225.83,2023-11-12,2024-11-12,AGT5216,Active
POL51421,CUST10162,Health,363871.1,18773.38,2024-03-29,2025-03-29,AGT5035,Active
POL51422,CUST10615,Health,420392.24,19844.58,2025-10-09,2026-10-09,AGT5063,Active
POL51423,CUST11042,Health,399105.75,21795.85,2023-07-15,2024-07-15,AGT5295,Active
POL51424,CUST11288,Whole,409638.72,19790.53,2021-06-09,2022-06-09,AGT5115,Lapsed
POL51425,CUST10370,Whole,507998.51,27563.63,2020-09-23,2021-09-23,AGT5229,Active
POL51426,CUST11105,Whole,688276.12,35027.75,2023-10-03,2024-10-03,AGT5290,Lapsed
POL51427,CUST11071,Whole,429325.74,21099.05,2021-08-09,2022-08-09,AGT5289,Active
POL51428,CUST11422,Whole,427897.67,22395.67,2021-06-06,2022-06-06,AGT5005,Cancelled
POL51429,CUST10518,Vehicle,424971.8,21474.1,2022-12-12,2023-12-12,AGT5069,Active
POL51430,CUST11239,Health,444437.59,20615.6,2025-02-01,2026-02-01,AGT5214,Active
POL51431,CUST11244,Vehicle,454434.3,23650.98,2020-12-27,2021-12-27,AGT5278,Active
POL51432,CUST10401,Property,390375.03,19829.08,2025-01-10,2026-01-10,AGT5293,Active
POL51433,CUST11036,Property,491453.39,24895.28,2026-07-10,2027-07-10,AGT5216,Lapsed
POL51434,CUST11118,Term,761586.34,39893.0,2024-12-01,2025-12-01,AGT5031,Cancelled
POL51435,CUST10449,Health,467770.25,24106.45,2022-03-03,2023-03-03,AGT5222,Lapsed
POL51436,CUST10746,Property,466334.73,22692.98,2024-04-29,2025-04-29,AGT5081,Active
POL51437,CUST10716,Property,575849.86,27747.26,2024-11-30,2025-11-30,AGT5242,Active
POL51438,CUST11278,Health,430278.96,20441.77,2021-10-09,2022-10-09,AGT5164,Lapsed
POL51439,CUST10001,Term,595004.64,30197.35,2026-08-04,2027-08-04,AGT5055,Active
POL51440,CUST10829,Term,534350.21,25648.21,2025-06-19,2026-06-19,AGT5253,Active
POL51441,CUST10312,Vehicle,717006.02,33128.68,2023-09-08,2024-09-08,AGT5296,Active
POL51442,CUST11072,Health,674771.74,35646.15,2022-04-30,2023-04-30,AGT5151,Cancelled
POL51443,CUST11128,Term,653532.87,30775.73,2023-03-29,2024-03-29,AGT5243,Active
POL51444,CUST10830,Vehicle,459532.43,21436.62,2026-04-29,2027-04-29,AGT5017,Lapsed
POL51445,CUST10896,Property,567450.94,30352.96,2025-12-18,2026-12-18,AGT5081,Active
POL51446,CUST10520,Whole,502587.92,26145.27,2025-07-23,2026-07-23,AGT5038,Active
POL51447,CUST10518,Whole,692336.83,36459.54,2022-07-03,2023-07-03,AGT5085,Active
POL51448,CUST11233,Vehicle,389027.81,18869.25,2025-10-27,2026-10-27,AGT5112,Cancelled
POL51449,CUST10220,Vehicle,628421.86,32159.09,2026-05-11,2027-05-11,AGT5129,Active
POL51450,CUST11277,Whole,509442.33,27673.9,2023-02-11,2024-02-11,AGT5096,Active
POL51451,CUST11083,Health,518351.6,24791.19,2022-07-20,2023-07-20,AGT5163,Active
POL51452,CUST11463,Vehicle,500092.1,22849.02,2021-03-19,2022-03-19,AGT5065,Lapsed
POL51453,CUST10431,Vehicle,515890.63,24096.62,2021-02-24,2022-02-24,AGT5104,Cancelled
POL51454,CUST10839,Property,644629.62,34793.67,2025-01-20,2026-01-20,AGT5252,Active
POL51455,CUST10066,Property,614265.32,29371.29,2026-05-06,2027-05-06,AGT5168,Cancelled
POL51456,CUST11511,Health,435431.24,21733.47,2021-08-30,2022-08-30,AGT5008,Active
POL51457,CUST11119,Property,401800.49,20228.92,2021-01-06,2022-01-06,AGT5098,Lapsed
POL51458,CUST11039,Property,714568.4,39015.53,2025-02-18,2026-02-18,AGT5248,Active
POL51459,CUST11214,Whole,574538.07,27586.32,2023-12-31,2024-12-31,AGT5054,Active
POL51460,CUST10466,Property,623211.14,31293.87,2023-08-19,2024-08-19,AGT5276,Active
POL51461,CUST10999,Health,520974.75,28435.45,2025-12-02,2026-12-02,AGT5088,Active
POL51462,CUST11317,Whole,623291.98,29303.11,2026-06-13,2027-06-13,AGT5189,Active
POL51463,CUST10150,Property,626384.4,31932.36,2023-03-21,2024-03-21,AGT5142,Lapsed
POL51464,CUST11586,Whole,390790.61,17834.15,2023-09-23,2024-09-23,AGT5187,Active
POL51465,CUST11476,Health,536640.69,25560.06,2025-01-21,2026-01-21,AGT5239,Active
POL51466,CUST11591,Health,525737.79,24022.09,2023-07-21,2024-07-21,AGT5044,Active
POL51467,CUST11331,Whole,421889.74,20377.92,2023-10-06,2024-10-06,AGT5105,Active
POL51468,CUST10484,Health,611058.65,28759.07,2026-08-30,2027-08-30,AGT5170,Active
POL51469,CUST10959,Health,432550.78,22918.34,2026-01-01,2027-01-01,AGT5078,Active
POL51470,CUST10201,Term,402301.42,19967.81,2024-11-10,2025-11-10,AGT5112,Cancelled
POL51471,CUST11249,Property,694216.21,34051.31,2023-02-08,2024-02-08,AGT5265,Lapsed
POL51472,CUST10256,Vehicle,705019.8,36606.91,2024-05-15,2025-05-15,AGT5068,Cancelled
POL51473,CUST11435,Vehicle,468982.62,25546.42,2026-02-20,2027-02-20,AGT5056,Active
POL51474,CUST10403,Property,649705.02,31195.87,2025-02-24,2026-02-24,AGT5174,Cancelled
POL51475,CUST10269,Vehicle,379871.35,17347.78,2024-12-16,2025-12-16,AGT5029,Lapsed
POL51476,CUST10119,Property,662642.73,30546.37,2024-11-21,2025-11-21,AGT5000,Active
POL51477,CUST11180,Property,563955.87,30212.33,2025-03-04,2026-03-04,AGT5260,Active
POL51478,CUST10316,Property,690106.0,36892.07,2022-02-20,2023-02-20,AGT5082,Lapsed
POL51479,CUST10337,Health,487561.89,24257.99,2025-02-08,2026-02-08,AGT5036,Active
POL51480,CUST10283,Vehicle,510706.63,23735.82,2026-05-19,2027-05-19,AGT5196,Cancelled
POL51481,CUST10502,Vehicle,695816.68,34975.15,2025-08-12,2026-08-12,AGT5144,Lapsed
POL51482,CUST11560,Health,363526.34,18788.57,2025-12-15,2026-12-15,AGT5136,Active
POL51483,CUST10806,Vehicle,448748.37,21684.58,2023-11-04,2024-11-04,AGT5131,Cancelled
POL51484,CUST10432,Term,538727.16,24687.27,2024-04-30,2025-04-30,AGT5043,Active
POL51485,CUST10285,Health,558718.36,26941.07,2024-04-26,2025-04-26,AGT5257,Active
POL51486,CUST10034,Property,386968.32,20085.88,2026-06-18,2027-06-18,AGT5000,Active
POL51487,CUST10605,Whole,606431.86,33222.57,2024-09-20,2025-09-20,AGT5144,Active
POL51488,CUST10181,Vehicle,521070.18,24438.66,2025-12-19,2026-12-19,AGT5081,Active
POL51489,CUST10048,Health,570500.72,30890.08,2023-10-25,2024-10-25,AGT5192,Active
POL51490,CUST10169,Vehicle,720836.11,35729.13,2022-01-09,2023-01-09,AGT5164,Active
POL51491,CUST10525,Vehicle,544649.62,28121.45,2021-02-14,2022-02-14,AGT5115,Lapsed
POL51492,CUST11241,Property,598512.78,32102.42,2025-09-16,2026-09-16,AGT5160,Lapsed
POL51493,CUST10112,Health,511976.47,25893.01,2023-10-03,2024-10-03,AGT5068,Lapsed
POL51494,CUST11124,Whole,430630.97,19643.07,2026-05-22,2027-05-22,AGT5039,Active
POL51495,CUST11035,Whole,690348.5,32900.48,2023-03-18,2024-03-18,AGT5271,Active
POL51496,CUST11462,Term,719202.17,38138.61,2022-12-12,2023-12-12,AGT5184,Lapsed
POL51497,CUST10311,Health,634013.3,32036.01,2022-11-30,2023-11-30,AGT5196,Lapsed
POL51498,CUST11308,Whole,749824.68,36209.59,2021-05-09,2022-05-09,AGT5299,Active
POL51499,CUST11430,Vehicle,554914.78,28207.99,2026-02-27,2027-02-27,AGT5271,Active
POL51500,CUST11612,Vehicle,624577.62,29783.42,2022-03-04,2023-03-04,AGT5175,Lapsed
POL51501,CUST11331,Whole,449811.52,21325.61,2023-11-28,2024-11-28,AGT5237,Active
POL51502,CUST10207,Vehicle,747233.47,39815.54,2025-04-09,2026-04-09,AGT5158,Active
POL51503,CUST11571,Property,608513.31,29817.56,2021-05-19,2022-05-19,AGT5071,Active
POL51504,CUST11345,Property,485740.3,23189.19,2022-06-20,2023-06-20,AGT5186,Active
POL51505,CUST10363,Whole,695069.1,34122.17,2022-06-08,2023-06-08,AGT5273,Active
POL51506,CUST10277,Vehicle,599693.64,32507.19,2021-12-14,2022-12-14,AGT5263,Lapsed
POL51507,CUST11551,Vehicle,736977.14,34496.34,2025-02-06,2026-02-06,AGT5151,Active
POL51508,CUST10262,Vehicle,669051.45,31346.59,2024-02-01,2025-02-01,AGT5283,Active
POL51509,CUST11285,Property,722746.96,35080.44,2021-12-23,2022-12-23,AGT5059,Active
POL51510,CUST10675,Vehicle,584633.7,26661.86,2022-07-03,2023-07-03,AGT5012,Active
POL51511,CUST11202,Whole,584163.74,26725.03,2026-04-10,2027-04-10,AGT5120,Active
POL51512,CUST10153,Health,615064.26,27745.42,2024-07-13,2025-07-13,AGT5061,Lapsed
POL51513,CUST11204,Whole,425430.38,19766.29,2025-08-17,2026-08-17,AGT5287,Lapsed
POL51514,CUST10849,Property,405802.16,20859.8,2020-11-19,2021-11-19,AGT5034,Active
POL51515,CUST11489,Property,763725.36,35867.8,2023-06-15,2024-06-15,AGT5160,Lapsed
POL51516,CUST10321,Health,670703.44,32715.51,2024-05-19,2025-05-19,AGT5231,Active
POL51517,CUST10180,Term,746084.65,38838.07,2023-08-09,2024-08-09,AGT5033,Active
POL51518,CUST10334,Property,409010.16,18535.62,2022-10-22,2023-10-22,AGT5013,Lapsed
POL51519,CUST10135,Vehicle,479795.93,22593.87,2024-05-14,2025-05-14,AGT5166,Lapsed
POL51520,CUST11618,Vehicle,718783.02,39503.51,2022-08-24,2023-08-24,AGT5270,Active
POL51521,CUST10206,Term,415636.46,21184.83,2022-10-18,2023-10-18,AGT5004,Lapsed
POL51522,CUST10342,Whole,558802.29,28834.08,2020-09-14,2021-09-14,AGT5006,Lapsed
POL51523,CUST11334,Vehicle,507008.13,25431.77,2026-01-06,2027-01-06,AGT5277,Active
POL51524,CUST10412,Health,657947.67,35962.71,2021-10-16,2022-10-16,AGT5180,Lapsed
POL51525,CUST10378,Term,579146.04,26897.26,2022-10-20,2023-10-20,AGT5210,Active
POL51526,CUST11113,Health,451630.96,20627.67,2021-04-13,2022-04-13,AGT5082,Active
POL51527,CUST10666,Whole,586855.95,31198.24,2023-08-17,2024-08-17,AGT5093,Active
POL51528,CUST11376,Property,428291.79,19290.67,2021-03-07,2022-03-07,AGT5141,Active
POL51529,CUST11062,Term,660453.84,33429.28,2023-10-05,2024-10-05,AGT5064,Cancelled
POL51530,CUST10471,Health,566418.14,25496.82,2021-08-05,2022-08-05,AGT5132,Active
POL51531,CUST10988,Vehicle,605067.92,29335.17,2021-06-01,2022-06-01,AGT5286,Active
POL51532,CUST11434,Term,548537.62,28254.55,2023-08-07,2024-08-07,AGT5224,Active
POL51533,CUST10603,Term,493754.14,24921.38,2021-08-10,2022-08-10,AGT5260,Lapsed
POL51534,CUST11217,Health,372883.23,18867.38,2024-08-12,2025-08-12,AGT5148,Lapsed
POL51535,CUST10691,Health,681461.38,31738.02,2022-01-11,2023-01-11,AGT5236,Lapsed
POL51536,CUST10898,Whole,545373.26,26149.19,2023-01-17,2024-01-17,AGT5126,Lapsed
POL51537,CUST11215,Vehicle,565458.4,29460.55,2022-06-21,2023-06-21,AGT5185,Lapsed
POL51538,CUST10102,Whole,529670.2,23958.56,2023-03-30,2024-03-30,AGT5219,Active
POL51539,CUST10752,Health,695757.07,35450.79,2021-10-07,2022-10-07,AGT5247,Lapsed
POL51540,CUST10158,Vehicle,678953.02,34063.52,2025-07-17,2026-07-17,AGT5277,Lapsed
POL51541,CUST11204,Vehicle,414197.36,20063.54,2021-04-29,2022-04-29,AGT5031,Active
POL51542,CUST11008,Whole,619147.4,29934.39,2023-04-22,2024-04-22,AGT5238,Active
POL51543,CUST10540,Term,566388.09,30012.61,2025-09-16,2026-09-16,AGT5212,Cancelled
POL51544,CUST10130,Term,684163.8,33400.86,2021-08-23,2022-08-23,AGT5221,Lapsed
POL51545,CUST11534,Property,768966.66,35217.59,2022-10-18,2023-10-18,AGT5004,Active
POL51546,CUST10520,Whole,671558.1,36680.77,2023-04-12,2024-04-12,AGT5146,Active
POL51547,CUST10451,Property,717997.6,33245.94,2022-10-30,2023-10-30,AGT5288,Active
POL51548,CUST10167,Property,578514.67,30646.55,2025-11-24,2026-11-24,AGT5270,Active
POL51549,CUST10953,Term,524027.63,23654.31,2021-11-12,2022-11-12,AGT5069,Active
POL51550,CUST10437,Whole,632662.68,30775.23,2021-10-23,2022-10-23,AGT5145,Active
POL51551,CUST11392,Whole,673526.09,33778.55,2020-11-30,2021-11-30,AGT5259,Lapsed
POL51552,CUST11132,Health,429636.88,19461.62,2023-01-15,2024-01-15,AGT5279,Cancelled
POL51553,CUST10010,Whole,578804.18,30295.11,2025-02-19,2026-02-19,AGT5099,Active
POL51554,CUST10936,Property,428809.53,20413.83,2026-01-29,2027-01-29,AGT5240,Active
POL51555,CUST10392,Property,468295.83,23607.58,2021-08-20,2022-08-20,AGT5250,Lapsed
POL51556,CUST10029,Whole,724515.67,38343.74,2021-11-13,2022-11-13,AGT5045,Active
POL51557,CUST11033,Whole,440721.81,22437.65,2023-07-20,2024-07-20,AGT5009,Active
POL51558,CUST10349,Property,697369.08,34558.91,2024-08-31,2025-08-31,AGT5014,Cancelled
POL51559,CUST11488,Health,480408.51,23233.1,2022-04-08,2023-04-08,AGT5043,Lapsed
POL51560,CUST10946,Property,640455.73,29109.39,2023-03-15,2024-03-15,AGT5222,Lapsed
POL51561,CUST10357,Vehicle,722103.37,39087.61,2023-12-22,2024-12-22,AGT5116,Active
POL51562,CUST11616,Health,623314.54,31738.75,2025-06-22,2026-06-22,AGT5205,Lapsed
POL51563,CUST10901,Property,702987.33,36074.04,2024-12-16,2025-12-16,AGT5026,Active
POL51564,CUST10277,Health,441402.17,21807.53,2022-08-16,2023-08-16,AGT5180,Active
POL51565,CUST10857,Whole,524244.72,25544.94,2025-04-05,2026-04-05,AGT5223,Active
POL51566,CUST11587,Property,667124.93,30331.87,2025-12-18,2026-12-18,AGT5292,Active
POL51567,CUST10704,Property,684235.32,31946.89,2023-09-08,2024-09-08,AGT5095,Active
POL51568,CUST10706,Vehicle,676639.76,33328.22,2026-03-20,2027-03-20,AGT5163,Active
POL51569,CUST10762,Health,609037.79,28878.77,2025-09-24,2026-09-24,AGT5144,Active
POL51570,CUST10459,Vehicle,465553.35,21156.8,2023-01-03,2024-01-03,AGT5104,Lapsed
POL51571,CUST10271,Whole,496298.36,25043.28,2021-05-01,2022-05-01,AGT5191,Lapsed
POL51572,CUST10955,Whole,747685.79,37115.97,2021-04-27,2022-04-27,AGT5169,Active
POL51573,CUST11480,Property,598236.25,29441.44,2020-10-19,2021-10-19,AGT5249,Lapsed
POL51574,CUST11217,Health,614057.64,32448.21,2021-08-09,2022-08-09,AGT5008,Cancelled
POL51575,CUST10160,Term,610093.15,31111.87,2023-09-04,2024-09-04,AGT5066,Lapsed
POL51576,CUST10670,Whole,740933.22,33352.48,2025-04-12,2026-04-12,AGT5173,Active
POL51577,CUST10010,Whole,719481.0,37858.44,2022-02-03,2023-02-03,AGT5172,Lapsed
POL51578,CUST10506,Vehicle,476799.67,23756.96,2024-09-28,2025-09-28,AGT5270,Active
POL51579,CUST11107,Vehicle,712420.18,35740.8,2022-09-22,2023-09-22,AGT5202,Active
POL51580,CUST10475,Term,495965.02,26730.4,2026-07-14,2027-07-14,AGT5001,Active
POL51581,CUST11387,Term,549734.04,25338.45,2025-02-05,2026-02-05,AGT5146,Active
POL51582,CUST10788,Term,706245.61,36014.32,2023-04-13,2024-04-13,AGT5253,Active
POL51583,CUST11107,Property,509747.34,24376.93,2022-05-30,2023-05-30,AGT5261,Active
POL51584,CUST11463,Whole,496947.19,22545.06,2023-08-04,2024-08-04,AGT5240,Lapsed
POL51585,CUST11132,Health,584029.9,28835.78,2025-03-28,2026-03-28,AGT5143,Lapsed
POL51586,CUST11484,Health,699886.73,33479.87,2022-02-28,2023-02-28,AGT5031,Active
POL51587,CUST11330,Term,431498.24,19423.86,2021-08-03,2022-08-03,AGT5063,Lapsed
POL51588,CUST10937,Vehicle,643000.92,32104.68,2023-09-28,2024-09-28,AGT5254,Active
POL51589,CUST10488,Vehicle,577189.14,27769.28,2022-03-03,2023-03-03,AGT5102,Active
POL51590,CUST10489,Whole,543087.73,26796.62,2025-04-10,2026-04-10,AGT5229,Cancelled
POL51591,CUST11447,Whole,673695.62,30395.34,2025-11-10,2026-11-10,AGT5010,Active
POL51592,CUST10090,Term,593170.06,29075.9,2026-08-22,2027-08-22,AGT5147,Active
POL51593,CUST11560,Health,629233.9,31275.47,2022-02-27,2023-02-27,AGT5285,Lapsed
POL51594,CUST10541,Health,610348.88,30310.05,2025-08-06,2026-08-06,AGT5073,Active
POL51595,CUST11222,Health,694791.64,36246.77,2021-11-11,2022-11-11,AGT5009,Active
POL51596,CUST10546,Term,690845.32,37936.3,2024-11-29,2025-11-29,AGT5086,Active
POL51597,CUST11576,Term,406984.12,18427.68,2025-07-14,2026-07-14,AGT5018,Active
POL51598,CUST10061,Term,678909.5,33239.59,2024-11-17,2025-11-17,AGT5183,Active
POL51599,CUST10584,Health,577396.13,30929.48,2023-09-09,2024-09-09,AGT5057,Cancelled
POL51600,CUST11435,Property,419569.28,21505.85,2021-10-05,2022-10-05,AGT5073,Lapsed
POL51601,CUST10449,Property,618113.35,33894.87,2026-08-18,2027-08-18,AGT5176,Active
POL51602,CUST10451,Term,667931.57,34822.05,2024-03-21,2025-03-21,AGT5097,Active
POL51603,CUST11486,Health,419018.08,21890.54,2024-06-24,2025-06-24,AGT5195,Active
POL51604,CUST11369,Whole,552440.98,25280.17,2022-01-18,2023-01-18,AGT5279,Active
POL51605,CUST10175,Health,539870.2,25780.18,2021-06-19,2022-06-19,AGT5279,Lapsed
POL51606,CUST10957,Vehicle,534171.73,27156.27,2020-11-26,2021-11-26,AGT5218,Active
POL51607,CUST10380,Whole,722261.85,36274.83,2026-08-13,2027-08-13,AGT5290,Active
POL51608,CUST10366,Health,409116.12,21530.11,2026-04-01,2027-04-01,AGT5220,Active
POL51609,CUST11023,Term,675848.44,37128.8,2023-03-26,2024-03-26,AGT5020,Lapsed
POL51610,CUST10207,Vehicle,672118.47,31635.3,2024-05-16,2025-05-16,AGT5286,Lapsed
POL51611,CUST10774,Whole,557491.53,27475.41,2021-03-21,2022-03-21,AGT5170,Active
POL51612,CUST10426,Vehicle,581922.68,31230.86,2020-12-23,2021-12-23,AGT5001,Lapsed
POL51613,CUST11413,Whole,444121.54,23707.87,2023-02-12,2024-02-12,AGT5186,Active
POL51614,CUST10916,Vehicle,451769.56,24021.46,2022-07-06,2023-07-06,AGT5073,Active
POL51615,CUST10366,Health,536082.68,27449.54,2024-06-22,2025-06-22,AGT5160,Active
POL51616,CUST11535,Term,467215.72,25665.06,2022-01-23,2023-01-23,AGT5197,Active
POL51617,CUST11356,Whole,695489.17,33786.19,2022-09-09,2023-09-09,AGT5008,Active
POL51618,CUST10436,Vehicle,610930.44,28202.35,2023-07-20,2024-07-20,AGT5131,Active
POL51619,CUST11590,Whole,406782.79,18844.46,2023-09-25,2024-09-25,AGT5016,Lapsed
POL51620,CUST10441,Whole,522782.52,25802.93,2024-07-15,2025-07-15,AGT5033,Active
POL51621,CUST10479,Term,708989.49,37611.54,2022-07-02,2023-07-02,AGT5063,Active
POL51622,CUST10645,Term,487344.9,24137.44,2022-04-16,2023-04-16,AGT5234,Active
POL51623,CUST10275,Vehicle,650053.36,33226.72,2022-05-10,2023-05-10,AGT5123,Active
POL51624,CUST11139,Whole,421113.05,20457.76,2022-10-12,2023-10-12,AGT5014,Lapsed
POL51625,CUST10924,Property,743255.46,38759.52,2023-03-08,2024-03-08,AGT5224,Active
POL51626,CUST11480,Vehicle,547852.67,25492.36,2022-08-05,2023-08-05,AGT5163,Lapsed
POL51627,CUST10403,Health,522047.97,26207.41,2020-12-16,2021-12-16,AGT5042,Active
POL51628,CUST10284,Health,549440.55,25742.0,2020-12-01,2021-12-01,AGT5168,Active
POL51629,CUST10594,Vehicle,515377.42,25607.0,2020-12-26,2021-12-26,AGT5074,Active
POL51630,CUST10244,Term,658196.34,32452.33,2025-02-21,2026-02-21,AGT5190,Lapsed
POL51631,CUST11568,Health,355104.25,18126.52,2021-12-11,2022-12-11,AGT5284,Cancelled
POL51632,CUST11191,Health,406771.49,20377.4,2023-07-04,2024-07-04,AGT5094,Lapsed
POL51633,CUST11312,Health,416087.32,22783.86,2026-02-15,2027-02-15,AGT5223,Active
POL51634,CUST11238,Vehicle,618158.59,33382.49,2021-04-11,2022-04-11,AGT5007,Lapsed
POL51635,CUST10406,Property,727881.31,34895.2,2021-10-13,2022-10-13,AGT5122,Active
POL51636,CUST10234,Health,372273.91,17203.44,2026-05-13,2027-05-13,AGT5266,Active
POL51637,CUST10710,Term,706712.96,32259.69,2022-11-08,2023-11-08,AGT5022,Active
POL51638,CUST11366,Vehicle,687776.14,32311.68,2022-07-02,2023-07-02,AGT5278,Lapsed
POL51639,CUST10547,Health,376818.98,17793.8,2021-04-03,2022-04-03,AGT5028,Cancelled
POL51640,CUST10018,Term,436141.64,23502.28,2020-10-02,2021-10-02,AGT5144,Active
POL51641,CUST11092,Whole,519767.45,28196.56,2023-12-26,2024-12-26,AGT5054,Lapsed
POL51642,CUST10341,Vehicle,421345.11,19931.61,2025-11-05,2026-11-05,AGT5006,Active
POL51643,CUST10898,Whole,676940.16,35598.46,2022-08-30,2023-08-30,AGT5104,Active
POL51644,CUST10028,Vehicle,568538.2,30335.86,2025-02-13,2026-02-13,AGT5174,Active
POL51645,CUST10843,Health,493767.61,24083.57,2022-11-04,2023-11-04,AGT5216,Active
POL51646,CUST10659,Health,603731.67,32430.01,2025-05-07,2026-05-07,AGT5094,Active
POL51647,CUST11458,Health,452513.38,24836.89,2023-11-06,2024-11-06,AGT5147,Active
POL51648,CUST11199,Property,720539.59,39397.63,2022-11-26,2023-11-26,AGT5054,Lapsed
POL51649,CUST10061,Property,636777.19,33379.27,2024-07-29,2025-07-29,AGT5218,Active
POL51650,CUST11301,Vehicle,508979.01,24795.74,2021-12-07,2022-12-07,AGT5050,Active
POL51651,CUST11303,Vehicle,582071.88,27514.57,2022-12-23,2023-12-23,AGT5258,Lapsed
POL51652,CUST11097,Whole,484887.66,26634.25,2025-12-30,2026-12-30,AGT5053,Active
POL51653,CUST11540,Health,694743.26,33182.15,2021-06-16,2022-06-16,AGT5199,Active
POL51654,CUST11322,Whole,552707.67,27294.82,2025-02-16,2026-02-16,AGT5099,Lapsed
POL51655,CUST10373,Property,730258.05,34790.4,2021-05-24,2022-05-24,AGT5298,Cancelled
POL51656,CUST10637,Whole,761537.88,38047.34,2024-03-11,2025-03-11,AGT5084,Active
POL51657,CUST10579,Health,537527.36,24782.06,2026-02-23,2027-02-23,AGT5284,Lapsed
POL51658,CUST10836,Health,605498.45,32146.26,2024-08-07,2025-08-07,AGT5250,Lapsed
POL51659,CUST11577,Health,550286.38,27542.42,2021-10-25,2022-10-25,AGT5140,Active
POL51660,CUST11024,Property,420253.54,20674.38,2024-11-25,2025-11-25,AGT5148,Active
POL51661,CUST10517,Whole,751680.95,36555.33,2026-03-24,2027-03-24,AGT5106,Active
POL51662,CUST11561,Vehicle,550608.58,27969.73,2021-02-14,2022-02-14,AGT5128,Cancelled
POL51663,CUST11158,Health,662922.09,35001.54,2023-12-15,2024-12-15,AGT5139,Lapsed
POL51664,CUST10438,Term,631613.44,34123.3,2022-09-24,2023-09-24,AGT5043,Active
POL51665,CUST11501,Vehicle,417762.16,22314.84,2025-01-09,2026-01-09,AGT5096,Cancelled
POL51666,CUST10570,Term,540605.71,26735.73,2026-08-12,2027-08-12,AGT5262,Active
POL51667,CUST10856,Term,456216.07,24334.53,2021-11-19,2022-11-19,AGT5293,Active
POL51668,CUST10791,Term,446301.54,22442.79,2024-12-30,2025-12-30,AGT5016,Lapsed
POL51669,CUST11531,Health,600281.06,30843.51,2020-12-08,2021-12-08,AGT5219,Active
POL51670,CUST10437,Vehicle,389347.56,20147.02,2021-10-28,2022-10-28,AGT5071,Active
POL51671,CUST10550,Term,750082.63,36751.66,2023-12-23,2024-12-23,AGT5196,Active
POL51672,CUST11092,Vehicle,548071.04,27327.11,2022-03-10,2023-03-10,AGT5186,Active
POL51673,CUST11467,Whole,573556.71,29782.44,2025-12-08,2026-12-08,AGT5263,Lapsed
POL51674,CUST10190,Whole,500280.12,24053.11,2025-10-17,2026-10-17,AGT5210,Active
POL51675,CUST10359,Whole,417962.19,21930.11,2026-02-11,2027-02-11,AGT5247,Active
POL51676,CUST11571,Property,611473.43,29681.55,2026-07-11,2027-07-11,AGT5240,Active
POL51677,CUST11285,Vehicle,508317.2,25850.42,2026-01-16,2027-01-16,AGT5194,Active
POL51678,CUST10574,Whole,625267.96,33374.44,2023-05-14,2024-05-14,AGT5123,Active
POL51679,CUST10592,Property,598971.38,27092.7,2024-12-23,2025-12-23,AGT5101,Active
POL51680,CUST10774,Term,464251.49,22007.1,2026-02-20,2027-02-20,AGT5104,Active
POL51681,CUST11115,Property,562736.76,28481.05,2021-01-29,2022-01-29,AGT5107,Lapsed
POL51682,CUST10931,Health,457822.05,21087.75,2023-03-10,2024-03-10,AGT5086,Lapsed
POL51683,CUST11283,Property,477293.77,22459.54,2026-04-06,2027-04-06,AGT5093,Active
POL51684,CUST10091,Whole,681336.18,35763.95,2023-09-12,2024-09-12,AGT5170,Lapsed
POL51685,CUST11351,Whole,389584.04,17631.88,2020-10-20,2021-10-20,AGT5081,Active
POL51686,CUST10099,Whole,488519.9,24963.55,2024-04-08,2025-04-08,AGT5104,Lapsed
POL51687,CUST11459,Property,589467.99,26727.4,2024-11-08,2025-11-08,AGT5212,Cancelled
POL51688,CUST10075,Term,563149.69,25994.56,2021-06-12,2022-06-12,AGT5098,Lapsed
POL51689,CUST10214,Property,746963.65,36529.07,2020-12-11,2021-12-11,AGT5031,Lapsed
POL51690,CUST10304,Health,645280.12,35263.07,2024-01-27,2025-01-27,AGT5005,Active
POL51691,CUST10379,Property,674367.01,34027.53,2025-06-10,2026-06-10,AGT5229,Active
POL51692,CUST10670,Health,529927.35,25501.29,2024-11-01,2025-11-01,AGT5284,Active
POL51693,CUST11083,Term,545127.92,26773.01,2025-02-12,2026-02-12,AGT5204,Active
POL51694,CUST11477,Term,395451.29,20044.53,2023-01-22,2024-01-22,AGT5018,Active
POL51695,CUST10868,Health,637583.89,32640.57,2024-10-12,2025-10-12,AGT5169,Lapsed
POL51696,CUST10881,Health,500749.52,23875.25,2025-11-23,2026-11-23,AGT5081,Active
POL51697,CUST10526,Vehicle,499325.67,23454.8,2026-07-03,2027-07-03,AGT5096,Lapsed
POL51698,CUST11317,Health,562322.03,28089.72,2021-08-31,2022-08-31,AGT5276,Cancelled
POL51699,CUST10181,Whole,675343.06,34745.4,2025-03-06,2026-03-06,AGT5247,Active
POL51700,CUST10494,Vehicle,575713.4,30608.26,2022-12-24,2023-12-24,AGT5220,Active
POL51701,CUST10162,Vehicle,434542.44,22130.36,2025-05-08,2026-05-08,AGT5150,Active
POL51702,CUST10364,Health,672576.26,34923.08,2023-01-29,2024-01-29,AGT5173,Cancelled
POL51703,CUST10968,Term,424552.08,21159.59,2022-04-21,2023-04-21,AGT5274,Lapsed
POL51704,CUST10211,Term,751391.58,38070.9,2021-10-11,2022-10-11,AGT5198,Active
POL51705,CUST10166,Term,550305.01,28260.63,2021-08-19,2022-08-19,AGT5173,Lapsed
POL51706,CUST11361,Vehicle,735823.57,34851.04,2021-12-24,2022-12-24,AGT5029,Lapsed
POL51707,CUST10198,Property,737140.16,40056.74,2024-11-08,2025-11-08,AGT5298,Lapsed
POL51708,CUST11009,Health,492193.54,23848.45,2025-12-13,2026-12-13,AGT5242,Active
POL51709,CUST10582,Property,693009.74,35375.99,2025-06-02,2026-06-02,AGT5109,Active
POL51710,CUST11482,Vehicle,411934.02,20847.79,2023-05-29,2024-05-29,AGT5075,Lapsed
POL51711,CUST11173,Health,378956.99,20286.88,2024-12-02,2025-12-02,AGT5290,Lapsed
POL51712,CUST10102,Health,474584.81,21895.47,2023-10-28,2024-10-28,AGT5286,Active
POL51713,CUST11481,Property,619767.26,33369.7,2022-06-30,2023-06-30,AGT5126,Lapsed
POL51714,CUST10689,Health,353262.37,16380.83,2021-12-29,2022-12-29,AGT5069,Lapsed
POL51715,CUST10489,Health,530311.29,24630.47,2024-12-03,2025-12-03,AGT5239,Active
POL51716,CUST11113,Vehicle,746794.53,40045.03,2023-12-27,2024-12-27,AGT5187,Active
POL51717,CUST11192,Term,708996.93,33727.71,2021-09-13,2022-09-13,AGT5270,Lapsed
POL51718,CUST10496,Vehicle,465873.89,23814.48,2020-12-11,2021-12-11,AGT5163,Active
POL51719,CUST10581,Health,534824.07,26546.58,2022-02-07,2023-02-07,AGT5165,Active
POL51720,CUST10262,Property,450992.38,24508.13,2020-11-27,2021-11-27,AGT5042,Active
POL51721,CUST10980,Health,442141.05,23354.26,2021-07-24,2022-07-24,AGT5180,Lapsed
POL51722,CUST11582,Term,733624.82,35470.71,2025-12-22,2026-12-22,AGT5108,Lapsed
POL51723,CUST10692,Property,769144.58,40868.04,2026-03-28,2027-03-28,AGT5061,Active
POL51724,CUST11644,Property,478385.98,22607.51,2022-04-18,2023-04-18,AGT5234,Lapsed
POL51725,CUST10298,Whole,466646.13,23871.62,2025-06-02,2026-06-02,AGT5103,Active
POL51726,CUST11312,Vehicle,523098.82,27470.97,2024-07-12,2025-07-12,AGT5063,Lapsed
POL51727,CUST11538,Term,551594.23,28700.32,2022-03-02,2023-03-02,AGT5288,Lapsed
POL51728,CUST11140,Property,419360.74,21625.1,2025-08-12,2026-08-12,AGT5288,Active
POL51729,CUST10180,Whole,441867.84,23551.42,2023-11-18,2024-11-18,AGT5148,Lapsed
POL51730,CUST10540,Term,543571.6,27484.11,2020-09-06,2021-09-06,AGT5088,Active
POL51731,CUST10145,Vehicle,466988.97,25349.79,2022-10-04,2023-10-04,AGT5048,Lapsed
POL51732,CUST10996,Vehicle,697385.34,32392.22,2024-04-21,2025-04-21,AGT5188,Active
POL51733,CUST11646,Term,668215.01,32446.57,2022-11-21,2023-11-21,AGT5183,Active
POL51734,CUST10622,Health,537718.45,28407.62,2021-03-04,2022-03-04,AGT5185,Lapsed
POL51735,CUST10273,Property,551562.29,26519.42,2024-11-27,2025-11-27,AGT5230,Active
POL51736,CUST10442,Term,698521.85,34527.58,2023-12-21,2024-12-21,AGT5141,Active
POL51737,CUST10942,Vehicle,440746.24,23240.02,2025-01-02,2026-01-02,AGT5204,Lapsed
POL51738,CUST10939,Term,720038.47,36279.64,2023-02-15,2024-02-15,AGT5196,Active
POL51739,CUST10389,Vehicle,396551.25,18588.81,2024-05-05,2025-05-05,AGT5238,Active
POL51740,CUST11240,Health,673188.06,31470.45,2022-08-15,2023-08-15,AGT5223,Active
POL51741,CUST10147,Term,434456.03,20859.24,2021-01-06,2022-01-06,AGT5010,Lapsed
POL51742,CUST11040,Term,691315.79,33203.98,2025-07-27,2026-07-27,AGT5185,Lapsed
POL51743,CUST10706,Property,391947.36,18173.32,2025-08-14,2026-08-14,AGT5292,Active
POL51744,CUST10213,Term,692452.32,36939.98,2021-12-27,2022-12-27,AGT5167,Lapsed
POL51745,CUST11057,Property,609867.25,29167.67,2026-06-19,2027-06-19,AGT5158,Active
POL51746,CUST11114,Health,356661.99,18911.1,2021-09-25,2022-09-25,AGT5181,Active
POL51747,CUST10725,Health,620973.42,33988.67,2026-07-03,2027-07-03,AGT5167,Active
POL51748,CUST11313,Whole,424099.56,20492.33,2023-11-24,2024-11-24,AGT5120,Cancelled
POL51749,CUST10845,Property,592863.59,32431.01,2026-07-19,2027-07-19,AGT5298,Cancelled
POL51750,CUST10467,Vehicle,503497.49,23620.08,2025-05-05,2026-05-05,AGT5021,Active
POL51751,CUST11577,Property,677279.78,34862.66,2025-05-10,2026-05-10,AGT5244,Active
POL51752,CUST11564,Term,707004.03,38822.86,2021-04-24,2022-04-24,AGT5047,Active
POL51753,CUST10159,Term,558621.56,29653.71,2025-02-23,2026-02-23,AGT5061,Active
POL51754,CUST11568,Whole,676806.98,32010.95,2022-12-19,2023-12-19,AGT5182,Cancelled
POL51755,CUST11281,Whole,737900.6,35104.39,2024-08-06,2025-08-06,AGT5191,Lapsed
POL51756,CUST10177,Whole,650342.21,30972.1,2025-11-23,2026-11-23,AGT5278,Active
POL51757,CUST10859,Property,508966.34,27703.0,2024-06-24,2025-06-24,AGT5088,Cancelled
POL51758,CUST10059,Vehicle,553131.97,26248.39,2023-12-24,2024-12-24,AGT5007,Cancelled
POL51759,CUST10972,Property,473549.13,23722.99,2025-07-29,2026-07-29,AGT5076,Active
POL51760,CUST11546,Term,556382.78,26983.95,2021-12-30,2022-12-30,AGT5163,Lapsed
POL51761,CUST10609,Term,475307.22,23105.96,2022-04-15,2023-04-15,AGT5107,Lapsed
POL51762,CUST10843,Property,695791.14,34150.95,2024-03-01,2025-03-01,AGT5075,Active
POL51763,CUST10387,Whole,619818.21,30030.47,2025-07-09,2026-07-09,AGT5274,Lapsed
POL51764,CUST10895,Property,628799.7,32068.33,2025-03-11,2026-03-11,AGT5168,Cancelled
POL51765,CUST11320,Whole,427451.37,21054.0,2021-08-10,2022-08-10,AGT5201,Lapsed
POL51766,CUST10366,Whole,385562.22,19050.67,2022-01-23,2023-01-23,AGT5224,Lapsed
POL51767,CUST10915,Health,626215.32,31348.3,2025-01-12,2026-01-12,AGT5122,Active
POL51768,CUST10588,Property,593787.97,28835.4,2022-11-20,2023-11-20,AGT5220,Active
POL51769,CUST11238,Property,743648.05,39075.43,2026-02-01,2027-02-01,AGT5289,Active
POL51770,CUST11162,Whole,591837.11,29612.47,2021-03-27,2022-03-27,AGT5217,Active
POL51771,CUST11156,Term,463399.86,23212.68,2021-10-05,2022-10-05,AGT5089,Active
POL51772,CUST10630,Health,594466.8,27998.47,2021-10-13,2022-10-13,AGT5233,Active
POL51773,CUST10991,Whole,654878.45,29671.47,2025-11-06,2026-11-06,AGT5070,Active
POL51774,CUST11079,Property,410230.05,21780.24,2021-10-21,2022-10-21,AGT5021,Active
POL51775,CUST11128,Property,652055.6,34920.72,2023-08-14,2024-08-14,AGT5133,Active
POL51776,CUST10948,Health,424384.88,20121.13,2025-01-19,2026-01-19,AGT5152,Active
POL51777,CUST11434,Health,439082.22,21339.54,2024-07-23,2025-07-23,AGT5140,Active
POL51778,CUST10415,Vehicle,389874.76,18940.19,2020-10-19,2021-10-19,AGT5078,Active
POL51779,CUST10096,Health,569580.28,29528.25,2021-08-26,2022-08-26,AGT5081,Lapsed
POL51780,CUST11591,Health,606105.29,28409.58,2021-09-27,2022-09-27,AGT5276,Active
POL51781,CUST10103,Term,469432.57,25718.87,2023-01-15,2024-01-15,AGT5087,Active
POL51782,CUST11494,Property,690127.49,31482.66,2024-04-27,2025-04-27,AGT5234,Active
POL51783,CUST11017,Term,672214.94,36795.48,2021-02-02,2022-02-02,AGT5077,Active
POL51784,CUST11523,Whole,542759.99,24797.52,2021-02-07,2022-02-07,AGT5032,Active
POL51785,CUST10935,Health,373878.81,18011.66,2022-02-22,2023-02-22,AGT5018,Active
POL51786,CUST11355,Term,488390.7,23201.94,2026-02-16,2027-02-16,AGT5072,Active
POL51787,CUST11198,Health,407900.2,19414.56,2026-07-01,2027-07-01,AGT5252,Active
POL51788,CUST10868,Term,747289.16,41061.07,2021-04-10,2022-04-10,AGT5136,Lapsed
POL51789,CUST10601,Property,699831.54,34700.11,2023-11-01,2024-11-01,AGT5208,Lapsed
POL51790,CUST10007,Health,377431.76,17435.5,2025-01-13,2026-01-13,AGT5288,Cancelled
POL51791,CUST10416,Property,582682.11,31944.26,2025-07-10,2026-07-10,AGT5014,Active
POL51792,CUST11575,Property,487751.24,23132.41,2024-04-17,2025-04-17,AGT5032,Active
POL51793,CUST10451,Term,393753.01,18004.54,2022-12-10,2023-12-10,AGT5276,Lapsed
POL51794,CUST11244,Term,504457.93,22822.59,2020-10-18,2021-10-18,AGT5170,Active
POL51795,CUST10843,Term,430173.79,21350.52,2025-08-19,2026-08-19,AGT5185,Active
POL51796,CUST10506,Health,427956.21,23188.09,2025-04-03,2026-04-03,AGT5102,Active
POL51797,CUST11637,Whole,510718.08,23068.93,2024-07-16,2025-07-16,AGT5248,Active
POL51798,CUST10080,Vehicle,532560.59,27827.23,2020-12-07,2021-12-07,AGT5193,Active
POL51799,CUST10959,Health,513954.86,24466.42,2022-03-01,2023-03-01,AGT5077,Lapsed
POL51800,CUST10762,Whole,585275.95,27619.53,2021-03-05,2022-03-05,AGT5194,Lapsed
POL51801,CUST10130,Term,522655.29,27197.88,2021-07-12,2022-07-12,AGT5001,Lapsed
POL51802,CUST10364,Health,524422.36,27521.02,2024-06-09,2025-06-09,AGT5072,Active
POL51803,CUST11151,Vehicle,535950.5,27113.82,2020-10-02,2021-10-02,AGT5061,Active
POL51804,CUST10179,Whole,756309.01,35563.58,2026-06-22,2027-06-22,AGT5235,Active
POL51805,CUST11317,Term,407304.99,18354.42,2026-06-03,2027-06-03,AGT5220,Active
POL51806,CUST11042,Health,555082.97,29071.24,2021-04-24,2022-04-24,AGT5027,Lapsed
POL51807,CUST10166,Term,455376.4,23222.44,2025-02-02,2026-02-02,AGT5271,Active
POL51808,CUST10469,Health,481403.25,23697.3,2022-09-14,2023-09-14,AGT5245,Active
POL51809,CUST10228,Property,595389.34,28064.16,2024-12-01,2025-12-01,AGT5130,Active
POL51810,CUST11313,Health,615933.31,32410.01,2021-11-20,2022-11-20,AGT5063,Active
POL51811,CUST10882,Term,754504.42,34487.61,2023-07-23,2024-07-23,AGT5126,Lapsed
POL51812,CUST10007,Whole,575044.34,29572.82,2024-01-19,2025-01-19,AGT5176,Lapsed
POL51813,CUST10898,Health,439942.69,22825.98,2023-05-04,2024-05-04,AGT5189,Lapsed
POL51814,CUST10798,Term,683485.95,32282.8,2021-08-26,2022-08-26,AGT5104,Active
POL51815,CUST11069,Property,470305.39,23436.85,2022-08-31,2023-08-31,AGT5030,Active
POL51816,CUST10059,Term,575241.22,28878.26,2021-08-07,2022-08-07,AGT5182,Lapsed
POL51817,CUST10060,Health,646348.95,32907.45,2021-01-03,2022-01-03,AGT5211,Active
POL51818,CUST10579,Property,540462.43,29191.39,2024-10-28,2025-10-28,AGT5080,Active
POL51819,CUST11141,Property,599436.44,30250.05,2024-06-09,2025-06-09,AGT5191,Active
POL51820,CUST11102,Whole,431026.76,19686.36,2021-05-30,2022-05-30,AGT5170,Active
POL51821,CUST10456,Health,369588.72,17906.47,2025-08-16,2026-08-16,AGT5150,Active
POL51822,CUST10367,Vehicle,750814.77,38504.24,2021-04-16,2022-04-16,AGT5002,Lapsed
POL51823,CUST11132,Health,412613.49,19942.19,2022-06-15,2023-06-15,AGT5092,Active
POL51824,CUST10048,Vehicle,504837.54,26594.54,2023-09-29,2024-09-29,AGT5112,Active
POL51825,CUST10923,Term,574037.28,26921.81,2025-09-10,2026-09-10,AGT5250,Lapsed
POL51826,CUST10704,Term,524360.92,24346.1,2021-07-10,2022-07-10,AGT5247,Lapsed
POL51827,CUST10401,Health,384068.67,18170.41,2026-02-23,2027-02-23,AGT5262,Active
POL51828,CUST10861,Term,456622.74,24548.43,2020-10-25,2021-10-25,AGT5138,Active
POL51829,CUST10370,Property,574977.35,29789.2,2023-03-28,2024-03-28,AGT5098,Active
POL51830,CUST10934,Term,548902.8,27555.19,2021-07-23,2022-07-23,AGT5149,Active
POL51831,CUST10248,Whole,692304.63,33232.96,2024-08-09,2025-08-09,AGT5237,Cancelled
POL51832,CUST10676,Health,459125.79,24878.15,2022-01-11,2023-01-11,AGT5186,Active
POL51833,CUST10846,Property,747021.32,40255.31,2025-12-12,2026-12-12,AGT5180,Lapsed
POL51834,CUST10055,Whole,493881.99,24197.26,2022-12-25,2023-12-25,AGT5130,Active
POL51835,CUST11015,Health,465954.53,24475.3,2025-12-24,2026-12-24,AGT5208,Active
POL51836,CUST11240,Property,750485.63,40628.02,2025-08-11,2026-08-11,AGT5260,Lapsed
POL51837,CUST11580,Vehicle,695702.72,33486.63,2021-05-07,2022-05-07,AGT5200,Active
POL51838,CUST10346,Whole,507032.67,24483.18,2021-09-09,2022-09-09,AGT5120,Active
POL51839,CUST10357,Property,537184.61,27105.29,2021-05-02,2022-05-02,AGT5251,Cancelled
POL51840,CUST10501,Property,709270.21,34813.58,2021-04-14,2022-04-14,AGT5282,Active
POL51841,CUST11474,Term,414343.12,21800.58,2026-05-30,2027-05-30,AGT5238,Active
POL51842,CUST10678,Health,453136.71,22824.18,2022-10-26,2023-10-26,AGT5263,Lapsed
POL51843,CUST10495,Property,589649.1,27783.41,2024-05-14,2025-05-14,AGT5079,Lapsed
POL51844,CUST11224,Property,704128.11,34195.19,2021-05-20,2022-05-20,AGT5126,Active
POL51845,CUST10064,Vehicle,591425.1,30584.01,2026-03-19,2027-03-19,AGT5074,Active
POL51846,CUST10905,Vehicle,563136.4,25642.05,2026-03-12,2027-03-12,AGT5109,Active
POL51847,CUST10743,Property,755415.26,36578.47,2026-01-18,2027-01-18,AGT5220,Active
POL51848,CUST11042,Property,429818.0,19410.99,2024-04-20,2025-04-20,AGT5202,Active
POL51849,CUST11213,Whole,685325.38,36465.25,2021-09-28,2022-09-28,AGT5000,Lapsed
POL51850,CUST10536,Whole,433908.42,20034.38,2023-11-09,2024-11-09,AGT5226,Lapsed
POL51851,CUST11060,Whole,667138.56,30536.3,2024-04-09,2025-04-09,AGT5057,Lapsed
POL51852,CUST10868,Term,588688.69,31121.58,2024-10-01,2025-10-01,AGT5055,Active
POL51853,CUST10223,Vehicle,478036.27,21939.51,2021-07-29,2022-07-29,AGT5163,Active
POL51854,CUST11462,Property,594184.78,30804.1,2024-09-04,2025-09-04,AGT5072,Active
POL51855,CUST11249,Health,657795.63,32099.53,2022-06-26,2023-06-26,AGT5288,Cancelled
POL51856,CUST11529,Vehicle,556485.43,29614.48,2025-07-31,2026-07-31,AGT5043,Active
POL51857,CUST11198,Vehicle,380486.7,17817.63,2022-10-06,2023-10-06,AGT5045,Lapsed
POL51858,CUST10409,Term,403095.04,18479.56,2021-04-18,2022-04-18,AGT5228,Active
POL51859,CUST10712,Health,571422.94,27019.2,2026-03-04,2027-03-04,AGT5085,Active
POL51860,CUST10645,Whole,646003.65,35091.79,2024-08-23,2025-08-23,AGT5214,Cancelled
POL51861,CUST10061,Health,490621.21,26145.8,2026-04-09,2027-04-09,AGT5204,Active
POL51862,CUST10684,Property,478470.45,22898.58,2025-07-16,2026-07-16,AGT5056,Lapsed
POL51863,CUST10573,Property,660647.14,31090.81,2024-12-10,2025-12-10,AGT5173,Active
POL51864,CUST10010,Whole,502102.05,23382.1,2021-02-17,2022-02-17,AGT5161,Active
POL51865,CUST11400,Term,409735.42,19344.44,2020-09-07,2021-09-07,AGT5028,Active
POL51866,CUST10240,Health,493363.69,23212.98,2026-04-10,2027-04-10,AGT5229,Active
POL51867,CUST10829,Whole,592568.36,31928.7,2021-07-25,2022-07-25,AGT5257,Active
POL51868,CUST11292,Term,749887.39,33894.8,2024-08-10,2025-08-10,AGT5284,Active
POL51869,CUST11000,Health,557277.6,29982.22,2022-08-06,2023-08-06,AGT5026,Active
POL51870,CUST10283,Term,460974.14,20934.79,2023-01-07,2024-01-07,AGT5053,Lapsed
POL51871,CUST11030,Health,641267.75,34159.27,2025-01-01,2026-01-01,AGT5247,Active
POL51872,CUST11254,Vehicle,488180.19,24046.52,2025-05-21,2026-05-21,AGT5091,Active
POL51873,CUST11413,Health,685747.36,31388.07,2023-07-18,2024-07-18,AGT5187,Active
POL51874,CUST10525,Health,463859.29,24579.93,2021-01-28,2022-01-28,AGT5104,Cancelled
POL51875,CUST10058,Vehicle,721797.79,34331.88,2024-02-21,2025-02-21,AGT5065,Active
POL51876,CUST11009,Term,716820.94,38550.83,2026-06-07,2027-06-07,AGT5187,Cancelled
POL51877,CUST10386,Vehicle,704589.26,37006.84,2022-05-06,2023-05-06,AGT5061,Lapsed
POL51878,CUST11289,Property,400163.33,21936.04,2021-03-20,2022-03-20,AGT5040,Active
POL51879,CUST11127,Vehicle,699250.85,37283.17,2026-08-23,2027-08-23,AGT5159,Active
POL51880,CUST11278,Health,602455.04,28562.16,2021-10-06,2022-10-06,AGT5058,Active
POL51881,CUST11599,Health,467004.4,22926.25,2022-12-25,2023-12-25,AGT5057,Active
POL51882,CUST10965,Health,521534.45,27102.22,2022-08-03,2023-08-03,AGT5234,Active
POL51883,CUST11495,Health,573970.26,27642.78,2023-03-21,2024-03-21,AGT5158,Lapsed
POL51884,CUST11068,Term,741459.36,37417.77,2024-10-31,2025-10-31,AGT5162,Active
POL51885,CUST10307,Term,679102.23,32173.47,2023-02-27,2024-02-27,AGT5043,Active
POL51886,CUST11315,Health,499975.26,25813.48,2025-06-08,2026-06-08,AGT5048,Active
POL51887,CUST11149,Vehicle,621969.03,30116.57,2022-09-03,2023-09-03,AGT5117,Active
POL51888,CUST11615,Vehicle,448259.19,20419.0,2025-06-27,2026-06-27,AGT5116,Active
POL51889,CUST10407,Health,498379.84,27250.28,2024-08-06,2025-08-06,AGT5135,Lapsed
POL51890,CUST10550,Whole,689651.01,36854.28,2022-02-24,2023-02-24,AGT5040,Lapsed
POL51891,CUST11355,Whole,618537.04,29712.77,2023-03-09,2024-03-09,AGT5269,Lapsed
POL51892,CUST10106,Term,680309.55,31495.78,2023-08-28,2024-08-28,AGT5108,Cancelled
POL51893,CUST11056,Whole,581279.44,30431.29,2023-11-17,2024-11-17,AGT5244,Active
POL51894,CUST10888,Vehicle,521694.22,24627.48,2023-11-14,2024-11-14,AGT5120,Lapsed
POL51895,CUST10283,Whole,670878.05,34251.37,2025-08-08,2026-08-08,AGT5141,Lapsed
POL51896,CUST10277,Vehicle,413439.34,21825.79,2022-12-25,2023-12-25,AGT5033,Active
POL51897,CUST11334,Health,692512.39,33049.63,2024-02-28,2025-02-28,AGT5203,Active
POL51898,CUST10029,Health,681930.82,32627.91,2023-03-16,2024-03-16,AGT5017,Active
POL51899,CUST11236,Whole,723941.91,33023.43,2024-02-21,2025-02-21,AGT5224,Active
POL51900,CUST11214,Vehicle,712257.12,34329.71,2024-11-01,2025-11-01,AGT5264,Active
POL51901,CUST11076,Term,576467.91,29385.17,2025-03-01,2026-03-01,AGT5108,Active
POL51902,CUST10683,Health,524281.0,24409.46,2024-11-22,2025-11-22,AGT5266,Active
POL51903,CUST10050,Vehicle,687991.06,37516.72,2022-01-31,2023-01-31,AGT5209,Lapsed
POL51904,CUST11318,Health,449139.78,23455.95,2020-09-09,2021-09-09,AGT5000,Active
POL51905,CUST10211,Property,712216.81,33501.97,2026-08-21,2027-08-21,AGT5060,Active
POL51906,CUST10459,Health,420308.07,21144.09,2020-10-10,2021-10-10,AGT5192,Active
POL51907,CUST11571,Property,723456.3,35387.44,2024-01-09,2025-01-09,AGT5210,Lapsed
POL51908,CUST10496,Term,587924.01,28704.53,2026-06-03,2027-06-03,AGT5028,Active
POL51909,CUST10424,Health,645123.86,32643.19,2026-03-14,2027-03-14,AGT5205,Active
POL51910,CUST11608,Health,522599.97,24082.19,2021-01-11,2022-01-11,AGT5243,Lapsed
POL51911,CUST10145,Term,613616.88,28933.96,2022-10-08,2023-10-08,AGT5027,Cancelled
POL51912,CUST10269,Health,674375.15,31356.29,2025-10-07,2026-10-07,AGT5263,Active
POL51913,CUST10720,Vehicle,536084.23,25056.47,2025-11-15,2026-11-15,AGT5159,Lapsed
POL51914,CUST11298,Whole,469810.26,24219.74,2025-08-03,2026-08-03,AGT5184,Lapsed
POL51915,CUST11463,Term,416209.0,22875.53,2022-06-10,2023-06-10,AGT5015,Lapsed
POL51916,CUST11252,Health,556492.67,28665.53,2021-07-15,2022-07-15,AGT5183,Active
POL51917,CUST11612,Health,563879.79,30927.25,2025-10-17,2026-10-17,AGT5136,Active
POL51918,CUST10031,Term,618299.0,31391.09,2026-07-04,2027-07-04,AGT5111,Active
POL51919,CUST11033,Property,399308.96,19100.18,2026-02-25,2027-02-25,AGT5234,Active
POL51920,CUST10193,Vehicle,388363.05,20864.05,2022-02-16,2023-02-16,AGT5074,Lapsed
POL51921,CUST11508,Vehicle,716467.63,32722.45,2025-08-22,2026-08-22,AGT5017,Active
POL51922,CUST11550,Vehicle,640899.75,29496.95,2021-01-03,2022-01-03,AGT5149,Active
POL51923,CUST10496,Vehicle,420833.9,22925.45,2021-07-02,2022-07-02,AGT5223,Active
POL51924,CUST11364,Health,376122.88,19371.02,2026-06-12,2027-06-12,AGT5040,Active
POL51925,CUST11052,Health,406649.95,22076.87,2024-11-24,2025-11-24,AGT5295,Active
POL51926,CUST10166,Health,632421.64,29299.38,2022-12-09,2023-12-09,AGT5201,Active
POL51927,CUST10997,Property,663388.12,34949.02,2020-10-30,2021-10-30,AGT5280,Active
POL51928,CUST11612,Whole,630881.48,29871.04,2026-06-19,2027-06-19,AGT5141,Active
POL51929,CUST10506,Whole,631704.45,30595.68,2022-11-26,2023-11-26,AGT5036,Active
POL51930,CUST10003,Vehicle,702654.32,37936.25,2024-11-18,2025-11-18,AGT5053,Active
POL51931,CUST11613,Health,466710.56,22921.35,2024-08-25,2025-08-25,AGT5150,Active
POL51932,CUST10689,Health,462780.51,23928.24,2021-02-11,2022-02-11,AGT5176,Active
POL51933,CUST10713,Whole,548789.33,29564.8,2025-09-12,2026-09-12,AGT5220,Active
POL51934,CUST11184,Property,766025.26,41142.25,2025-11-24,2026-11-24,AGT5238,Active
POL51935,CUST11000,Whole,598636.09,26991.95,2020-11-08,2021-11-08,AGT5228,Active
POL51936,CUST10496,Vehicle,584728.63,27237.92,2022-11-12,2023-11-12,AGT5176,Lapsed
POL51937,CUST10165,Whole,696693.61,37751.19,2021-02-23,2022-02-23,AGT5005,Active
POL51938,CUST11364,Health,412322.57,20873.48,2021-02-18,2022-02-18,AGT5158,Active
POL51939,CUST10800,Whole,541079.39,26946.84,2024-02-02,2025-02-02,AGT5245,Active
POL51940,CUST11113,Vehicle,620434.99,28324.46,2025-07-22,2026-07-22,AGT5254,Active
POL51941,CUST11423,Vehicle,751470.34,34004.43,2021-07-28,2022-07-28,AGT5250,Active
POL51942,CUST10033,Vehicle,436389.51,23798.13,2021-10-07,2022-10-07,AGT5003,Active
POL51943,CUST11422,Property,559030.31,27805.34,2025-02-18,2026-02-18,AGT5130,Active
POL51944,CUST11243,Term,726979.46,38431.17,2025-02-28,2026-02-28,AGT5185,Lapsed
POL51945,CUST11571,Term,658290.1,31071.3,2024-11-12,2025-11-12,AGT5074,Active
POL51946,CUST10394,Whole,621305.39,29431.68,2022-06-21,2023-06-21,AGT5122,Lapsed
POL51947,CUST10530,Whole,483986.72,24490.96,2023-02-22,2024-02-22,AGT5029,Lapsed
POL51948,CUST11093,Vehicle,448765.66,24125.76,2022-09-12,2023-09-12,AGT5058,Active
POL51949,CUST11534,Term,524261.99,25104.7,2025-05-12,2026-05-12,AGT5001,Active
POL51950,CUST11639,Whole,483216.54,23333.56,2024-11-04,2025-11-04,AGT5293,Cancelled
POL51951,CUST10692,Health,632966.56,31968.79,2022-05-24,2023-05-24,AGT5257,Lapsed
POL51952,CUST10892,Vehicle,650425.9,29529.37,2021-08-10,2022-08-10,AGT5121,Active
POL51953,CUST10286,Term,700128.08,34157.58,2025-12-17,2026-12-17,AGT5001,Active
POL51954,CUST11150,Vehicle,442669.11,22382.6,2020-11-12,2021-11-12,AGT5100,Cancelled
POL51955,CUST11380,Health,458489.28,20654.15,2025-03-07,2026-03-07,AGT5130,Active
POL51956,CUST11313,Term,674702.38,34666.23,2023-09-11,2024-09-11,AGT5050,Active
POL51957,CUST10574,Vehicle,439821.3,20016.1,2020-09-26,2021-09-26,AGT5198,Active
POL51958,CUST11592,Term,437048.33,22813.74,2025-09-02,2026-09-02,AGT5299,Active
POL51959,CUST10201,Health,484070.61,25663.87,2024-10-02,2025-10-02,AGT5253,Active
POL51960,CUST10819,Health,415252.91,22169.5,2025-12-06,2026-12-06,AGT5256,Active
POL51961,CUST10917,Term,411601.36,21293.74,2023-12-31,2024-12-31,AGT5249,Lapsed
POL51962,CUST10889,Whole,505418.19,25582.1,2025-08-26,2026-08-26,AGT5020,Active
POL51963,CUST11255,Term,715541.21,34400.08,2026-03-10,2027-03-10,AGT5165,Active
POL51964,CUST11012,Whole,406765.18,20031.61,2023-09-08,2024-09-08,AGT5169,Lapsed
POL51965,CUST10131,Whole,602950.47,27657.68,2024-12-05,2025-12-05,AGT5030,Lapsed
POL51966,CUST10304,Property,601756.5,31334.07,2023-03-20,2024-03-20,AGT5044,Lapsed
POL51967,CUST10881,Health,535794.2,24243.0,2021-08-12,2022-08-12,AGT5169,Active
POL51968,CUST11152,Vehicle,569082.3,27961.5,2026-07-07,2027-07-07,AGT5214,Active
POL51969,CUST10853,Term,388075.71,19427.89,2023-10-21,2024-10-21,AGT5062,Active
POL51970,CUST10589,Term,399602.63,20579.89,2026-07-17,2027-07-17,AGT5145,Active
POL51971,CUST10086,Vehicle,571236.25,27666.11,2021-06-04,2022-06-04,AGT5022,Cancelled
POL51972,CUST11294,Whole,757799.07,37456.4,2021-12-11,2022-12-11,AGT5033,Active
POL51973,CUST10826,Whole,542070.68,27577.17,2024-05-21,2025-05-21,AGT5174,Active
POL51974,CUST10892,Vehicle,556539.52,30182.11,2021-12-26,2022-12-26,AGT5167,Lapsed
POL51975,CUST10773,Vehicle,749219.86,38749.44,2021-10-10,2022-10-10,AGT5225,Active
POL51976,CUST10436,Health,622689.69,29605.37,2025-02-24,2026-02-24,AGT5273,Active
POL51977,CUST10453,Term,675296.91,36109.91,2024-01-11,2025-01-11,AGT5056,Active
POL51978,CUST10106,Term,574056.57,26148.65,2025-09-22,2026-09-22,AGT5102,Lapsed
POL51979,CUST11173,Whole,730696.37,34871.02,2025-07-28,2026-07-28,AGT5256,Active
POL51980,CUST10445,Health,553411.71,25502.05,2023-06-26,2024-06-26,AGT5015,Active
POL51981,CUST10490,Health,579844.06,28685.11,2022-07-21,2023-07-21,AGT5248,Active
POL51982,CUST11640,Term,681952.43,35031.4,2024-07-11,2025-07-11,AGT5283,Active
POL51983,CUST10645,Vehicle,531689.08,26749.25,2025-08-21,2026-08-21,AGT5029,Active
POL51984,CUST10846,Vehicle,738336.17,39214.97,2021-08-30,2022-08-30,AGT5042,Lapsed
POL51985,CUST10645,Vehicle,751466.73,38080.49,2025-06-29,2026-06-29,AGT5205,Active
POL51986,CUST10475,Term,605493.08,28655.97,2024-07-21,2025-07-21,AGT5142,Active
POL51987,CUST10011,Term,466214.13,23480.51,2021-11-03,2022-11-03,AGT5296,Active
POL51988,CUST11413,Health,621215.71,32523.68,2021-04-28,2022-04-28,AGT5163,Lapsed
POL51989,CUST10781,Term,504395.88,25234.69,2021-02-20,2022-02-20,AGT5196,Lapsed
POL51990,CUST11198,Vehicle,596145.12,29461.31,2024-04-17,2025-04-17,AGT5071,Active
POL51991,CUST11586,Vehicle,410773.93,20658.22,2025-10-02,2026-10-02,AGT5097,Active
POL51992,CUST10007,Term,689519.55,34807.35,2020-11-03,2021-11-03,AGT5053,Lapsed
POL51993,CUST11118,Term,747391.67,35953.7,2022-05-14,2023-05-14,AGT5044,Lapsed
POL51994,CUST10198,Property,421275.29,22556.03,2023-12-04,2024-12-04,AGT5033,Active
POL51995,CUST10757,Health,606059.67,28531.37,2021-01-24,2022-01-24,AGT5267,Active
POL51996,CUST11400,Health,651293.6,29522.05,2024-04-03,2025-04-03,AGT5020,Lapsed
POL51997,CUST10119,Whole,427159.89,22389.55,2025-03-19,2026-03-19,AGT5154,Lapsed
POL51998,CUST11635,Property,480016.64,25644.0,2022-07-12,2023-07-12,AGT5152,Active
POL51999,CUST10958,Property,535870.43,27558.4,2023-12-26,2024-12-26,AGT5016,Active
POL52000,CUST10661,Whole,707152.73,35138.03,2024-07-03,2025-07-03,AGT5252,Active
POL52001,CUST10035,Property,574971.04,31480.85,2020-11-12,2021-11-12,AGT5150,Active
POL52002,CUST10968,Vehicle,429772.13,20933.17,2022-04-16,2023-04-16,AGT5038,Lapsed
POL52003,CUST10820,Property,483702.86,23729.97,2026-07-14,2027-07-14,AGT5038,Active
POL52004,CUST10366,Term,559804.65,28500.29,2024-01-24,2025-01-24,AGT5210,Active
POL52005,CUST10813,Vehicle,392841.89,19368.78,2024-01-21,2025-01-21,AGT5185,Active
POL52006,CUST10024,Vehicle,616516.89,31166.77,2025-06-01,2026-06-01,AGT5123,Active
POL52007,CUST11647,Vehicle,387571.68,21186.85,2020-12-12,2021-12-12,AGT5121,Active
POL52008,CUST10549,Whole,685635.47,32481.97,2022-07-24,2023-07-24,AGT5010,Lapsed
POL52009,CUST10792,Vehicle,655395.65,30466.48,2026-05-03,2027-05-03,AGT5009,Lapsed
POL52010,CUST11292,Vehicle,705136.32,34717.75,2020-09-21,2021-09-21,AGT5160,Lapsed
POL52011,CUST11184,Whole,445719.41,22303.79,2022-10-24,2023-10-24,AGT5109,Active
POL52012,CUST11471,Health,560904.82,29241.07,2022-05-15,2023-05-15,AGT5075,Active
POL52013,CUST11560,Whole,685695.62,37405.88,2023-01-23,2024-01-23,AGT5113,Lapsed
POL52014,CUST10323,Health,530512.07,27526.52,2021-11-04,2022-11-04,AGT5181,Active
POL52015,CUST10652,Property,435359.67,23888.95,2025-03-09,2026-03-09,AGT5087,Active
POL52016,CUST11138,Health,384623.97,18255.56,2025-01-10,2026-01-10,AGT5104,Lapsed
POL52017,CUST10077,Vehicle,607029.22,28584.34,2026-07-08,2027-07-08,AGT5084,Active
POL52018,CUST11190,Whole,576578.93,27713.47,2024-11-21,2025-11-21,AGT5199,Active
POL52019,CUST10010,Property,742880.65,39277.02,2021-04-04,2022-04-04,AGT5016,Active
POL52020,CUST11512,Term,699610.25,32787.34,2023-02-12,2024-02-12,AGT5275,Active
POL52021,CUST11192,Property,663643.44,31165.96,2025-02-14,2026-02-14,AGT5166,Active
POL52022,CUST10936,Term,756284.36,37146.69,2021-04-12,2022-04-12,AGT5073,Active
POL52023,CUST10709,Whole,652425.11,31430.87,2025-07-09,2026-07-09,AGT5227,Active
POL52024,CUST11633,Term,416736.38,21447.25,2021-07-29,2022-07-29,AGT5281,Lapsed
POL52025,CUST11217,Property,414861.75,22361.74,2024-03-13,2025-03-13,AGT5017,Lapsed
POL52026,CUST11329,Whole,699109.64,32429.32,2022-12-19,2023-12-19,AGT5061,Active
POL52027,CUST11361,Health,476246.25,24034.98,2024-03-11,2025-03-11,AGT5043,Active
POL52028,CUST10040,Whole,740849.26,33993.13,2025-10-14,2026-10-14,AGT5021,Active
POL52029,CUST10093,Whole,430525.26,20327.22,2022-05-31,2023-05-31,AGT5221,Lapsed
POL52030,CUST10337,Term,457337.25,21993.81,2021-08-01,2022-08-01,AGT5057,Active
POL52031,CUST11083,Term,676463.4,34358.27,2023-06-15,2024-06-15,AGT5115,Active
POL52032,CUST11040,Property,711277.66,35954.23,2025-12-26,2026-12-26,AGT5244,Active
POL52033,CUST10537,Vehicle,705800.22,36299.77,2021-03-26,2022-03-26,AGT5183,Lapsed
POL52034,CUST11608,Health,384698.74,20461.77,2024-12-25,2025-12-25,AGT5203,Active
POL52035,CUST10156,Property,531993.89,24935.78,2025-12-24,2026-12-24,AGT5029,Active
POL52036,CUST11284,Vehicle,622334.04,32631.35,2025-07-08,2026-07-08,AGT5291,Cancelled
POL52037,CUST10793,Property,738736.31,38170.66,2024-08-07,2025-08-07,AGT5024,Active
POL52038,CUST10695,Term,472684.23,21647.57,2025-04-15,2026-04-15,AGT5212,Lapsed
POL52039,CUST10045,Whole,616132.01,29849.72,2021-08-22,2022-08-22,AGT5191,Active
POL52040,CUST11210,Vehicle,432250.29,19570.99,2026-06-16,2027-06-16,AGT5123,Cancelled
POL52041,CUST11277,Property,672702.3,30878.28,2023-10-09,2024-10-09,AGT5251,Active
POL52042,CUST10526,Property,434096.92,20766.27,2025-01-17,2026-01-17,AGT5267,Active
POL52043,CUST10857,Vehicle,755993.38,35857.64,2024-07-31,2025-07-31,AGT5021,Active
POL52044,CUST11004,Term,416699.82,22502.51,2026-04-04,2027-04-04,AGT5287,Active
POL52045,CUST10609,Health,589868.0,31816.23,2022-09-21,2023-09-21,AGT5072,Lapsed
POL52046,CUST11024,Vehicle,671720.68,34109.09,2025-05-21,2026-05-21,AGT5237,Lapsed
POL52047,CUST10716,Vehicle,475520.14,24893.65,2022-09-16,2023-09-16,AGT5246,Lapsed
POL52048,CUST11454,Property,483109.04,26569.07,2022-11-01,2023-11-01,AGT5166,Active
POL52049,CUST11194,Property,614516.61,30173.95,2025-10-23,2026-10-23,AGT5258,Active
POL52050,CUST10181,Whole,627732.72,31527.41,2023-04-05,2024-04-05,AGT5247,Lapsed
POL52051,CUST11315,Vehicle,650358.82,33500.96,2026-01-07,2027-01-07,AGT5156,Active
POL52052,CUST10558,Vehicle,597351.13,32379.77,2025-04-26,2026-04-26,AGT5053,Active
POL52053,CUST11550,Health,411063.37,21774.09,2022-12-31,2023-12-31,AGT5130,Active
POL52054,CUST10999,Property,740795.24,33813.02,2021-12-04,2022-12-04,AGT5270,Cancelled
POL52055,CUST10049,Property,449145.46,23413.73,2024-05-02,2025-05-02,AGT5060,Active
POL52056,CUST11215,Property,602616.83,28635.96,2021-02-14,2022-02-14,AGT5299,Active
POL52057,CUST10218,Whole,739201.1,35148.29,2021-08-03,2022-08-03,AGT5054,Active
POL52058,CUST11452,Vehicle,723102.51,36496.71,2024-06-10,2025-06-10,AGT5199,Active
POL52059,CUST11572,Whole,449643.99,23364.85,2023-08-29,2024-08-29,AGT5192,Cancelled
POL52060,CUST11152,Vehicle,468191.82,21814.12,2025-07-02,2026-07-02,AGT5058,Active
POL52061,CUST10882,Term,611106.0,29421.77,2021-07-12,2022-07-12,AGT5141,Active
POL52062,CUST10997,Health,468007.52,24411.84,2025-11-24,2026-11-24,AGT5043,Active
POL52063,CUST10709,Whole,666390.05,31000.48,2023-12-16,2024-12-16,AGT5109,Active
POL52064,CUST10143,Term,580797.25,31070.96,2026-06-27,2027-06-27,AGT5287,Active
POL52065,CUST11539,Health,443131.52,21961.79,2025-05-12,2026-05-12,AGT5016,Active
POL52066,CUST10545,Term,538310.97,27378.44,2021-03-13,2022-03-13,AGT5261,Lapsed
POL52067,CUST10516,Vehicle,639239.98,29279.74,2021-03-28,2022-03-28,AGT5203,Active
POL52068,CUST10326,Health,624799.48,34079.7,2022-07-22,2023-07-22,AGT5224,Cancelled
POL52069,CUST11638,Whole,527280.98,28512.89,2026-04-12,2027-04-12,AGT5084,Lapsed
POL52070,CUST11562,Vehicle,417684.47,19589.73,2021-08-22,2022-08-22,AGT5284,Lapsed
POL52071,CUST10579,Term,516275.18,26655.82,2022-05-10,2023-05-10,AGT5076,Lapsed
POL52072,CUST10431,Vehicle,616317.93,32622.43,2022-11-08,2023-11-08,AGT5151,Active
POL52073,CUST11326,Health,615941.26,28468.6,2021-03-17,2022-03-17,AGT5011,Lapsed
POL52074,CUST10701,Property,723668.81,36743.95,2021-09-30,2022-09-30,AGT5266,Lapsed
POL52075,CUST11600,Term,748480.83,40047.12,2025-04-22,2026-04-22,AGT5211,Active
POL52076,CUST11490,Property,588805.21,29479.79,2022-03-22,2023-03-22,AGT5048,Active
POL52077,CUST11257,Whole,723879.87,39261.69,2023-07-07,2024-07-07,AGT5198,Active
POL52078,CUST10150,Property,485900.04,22097.77,2022-03-18,2023-03-18,AGT5054,Active
POL52079,CUST11163,Vehicle,589548.35,31948.87,2025-12-07,2026-12-07,AGT5133,Active
POL52080,CUST11632,Vehicle,581887.5,31871.25,2024-07-29,2025-07-29,AGT5153,Lapsed
POL52081,CUST10620,Health,619042.95,28822.28,2021-07-07,2022-07-07,AGT5279,Active
POL52082,CUST11461,Whole,682652.3,33661.24,2021-06-01,2022-06-01,AGT5099,Lapsed
POL52083,CUST10681,Health,449870.04,23036.79,2024-02-01,2025-02-01,AGT5003,Lapsed
POL52084,CUST11605,Vehicle,712855.62,38446.0,2020-11-28,2021-11-28,AGT5129,Lapsed
POL52085,CUST11081,Whole,728224.8,33931.83,2025-10-29,2026-10-29,AGT5277,Lapsed
POL52086,CUST10161,Whole,750072.99,36258.74,2023-01-29,2024-01-29,AGT5239,Lapsed
POL52087,CUST10790,Property,561193.07,29731.61,2025-10-25,2026-10-25,AGT5017,Active
POL52088,CUST10085,Property,765154.51,37569.12,2026-03-06,2027-03-06,AGT5016,Active
POL52089,CUST10661,Vehicle,674696.48,34442.87,2021-06-12,2022-06-12,AGT5227,Lapsed
POL52090,CUST11516,Term,630690.99,31913.0,2022-11-15,2023-11-15,AGT5216,Active
POL52091,CUST10393,Property,551419.32,30180.13,2025-09-28,2026-09-28,AGT5167,Active
POL52092,CUST11574,Vehicle,696439.0,32325.43,2026-05-21,2027-05-21,AGT5026,Active
POL52093,CUST10165,Whole,679192.96,37005.42,2022-12-01,2023-12-01,AGT5084,Lapsed
POL52094,CUST11100,Term,604890.48,30632.57,2024-10-07,2025-10-07,AGT5254,Active
POL52095,CUST11597,Whole,768901.17,41552.59,2023-09-17,2024-09-17,AGT5041,Active
POL52096,CUST11083,Whole,481042.63,22214.27,2022-04-02,2023-04-02,AGT5060,Active
POL52097,CUST11486,Whole,632075.33,32498.17,2025-12-05,2026-12-05,AGT5135,Cancelled
POL52098,CUST11637,Vehicle,499386.07,26667.77,2024-10-08,2025-10-08,AGT5220,Active
POL52099,CUST11067,Whole,561269.65,29673.66,2024-05-25,2025-05-25,AGT5248,Lapsed
POL52100,CUST11291,Vehicle,506121.77,22825.78,2024-07-15,2025-07-15,AGT5177,Active
POL52101,CUST10055,Term,509132.81,25213.3,2025-02-13,2026-02-13,AGT5147,Active
POL52102,CUST10708,Whole,530078.05,24464.94,2022-02-21,2023-02-21,AGT5115,Lapsed
POL52103,CUST10471,Health,369837.85,17207.91,2025-08-08,2026-08-08,AGT5013,Cancelled
POL52104,CUST11358,Whole,400346.52,20843.19,2020-09-20,2021-09-20,AGT5080,Active
POL52105,CUST11122,Whole,664095.07,36236.88,2025-10-16,2026-10-16,AGT5064,Active
POL52106,CUST11022,Whole,504699.79,25911.78,2022-06-02,2023-06-02,AGT5017,Active
POL52107,CUST11542,Term,389593.37,17930.56,2021-08-15,2022-08-15,AGT5223,Active
POL52108,CUST10148,Health,378518.4,17956.9,2023-01-26,2024-01-26,AGT5106,Lapsed
POL52109,CUST11577,Property,460401.96,22462.43,2021-02-09,2022-02-09,AGT5152,Active
POL52110,CUST10166,Health,366874.29,16969.25,2023-01-01,2024-01-01,AGT5060,Active
POL52111,CUST10575,Term,742455.16,39706.27,2023-06-13,2024-06-13,AGT5177,Cancelled
POL52112,CUST11052,Vehicle,592840.41,27830.92,2021-03-26,2022-03-26,AGT5040,Lapsed
POL52113,CUST10566,Vehicle,526941.21,24395.01,2023-06-21,2024-06-21,AGT5203,Active
POL52114,CUST11131,Term,584729.72,30556.13,2024-07-12,2025-07-12,AGT5221,Lapsed
POL52115,CUST11281,Whole,428435.74,19823.0,2026-01-28,2027-01-28,AGT5093,Lapsed
POL52116,CUST11366,Health,595645.95,29248.12,2023-06-18,2024-06-18,AGT5063,Active
POL52117,CUST10303,Whole,758292.34,38032.22,2021-03-10,2022-03-10,AGT5234,Active
POL52118,CUST10307,Property,435303.0,19937.88,2025-01-24,2026-01-24,AGT5066,Active
POL52119,CUST10088,Term,439716.95,22231.16,2026-03-07,2027-03-07,AGT5053,Active
POL52120,CUST10814,Vehicle,615634.76,30659.62,2026-03-18,2027-03-18,AGT5102,Active
POL52121,CUST10228,Vehicle,435429.51,22504.81,2025-04-13,2026-04-13,AGT5289,Active
POL52122,CUST10525,Property,433530.32,20458.93,2021-11-14,2022-11-14,AGT5138,Active
POL52123,CUST11387,Health,584669.34,28395.22,2022-08-24,2023-08-24,AGT5078,Active
POL52124,CUST11573,Term,617517.82,31861.79,2022-07-30,2023-07-30,AGT5154,Lapsed
POL52125,CUST11355,Property,468828.75,21264.18,2026-08-27,2027-08-27,AGT5104,Active
POL52126,CUST10001,Property,701923.9,32399.37,2023-08-04,2024-08-04,AGT5199,Active
POL52127,CUST10938,Health,386837.8,18504.59,2024-11-20,2025-11-20,AGT5131,Active
POL52128,CUST10279,Whole,513041.34,23632.51,2023-07-13,2024-07-13,AGT5176,Active
POL52129,CUST10624,Property,669464.04,30390.4,2022-05-06,2023-05-06,AGT5130,Lapsed
POL52130,CUST10708,Property,621351.97,34095.96,2020-11-25,2021-11-25,AGT5144,Active
POL52131,CUST11563,Property,616027.32,30528.84,2021-08-10,2022-08-10,AGT5134,Active
POL52132,CUST11056,Vehicle,637411.62,32085.29,2023-06-30,2024-06-30,AGT5118,Active
POL52133,CUST10440,Vehicle,622362.91,29592.76,2024-07-07,2025-07-07,AGT5289,Cancelled
POL52134,CUST11069,Vehicle,708474.34,31935.81,2022-08-05,2023-08-05,AGT5079,Lapsed
POL52135,CUST11575,Property,603975.43,31713.08,2020-11-10,2021-11-10,AGT5241,Lapsed
POL52136,CUST10102,Property,539494.53,28181.86,2024-04-12,2025-04-12,AGT5212,Lapsed
POL52137,CUST11346,Whole,679944.39,37210.23,2022-12-15,2023-12-15,AGT5158,Lapsed
POL52138,CUST10369,Vehicle,475992.6,21520.11,2026-04-17,2027-04-17,AGT5095,Cancelled
POL52139,CUST10255,Whole,677442.93,31413.17,2022-11-04,2023-11-04,AGT5145,Lapsed
POL52140,CUST11486,Whole,492793.83,25685.11,2023-04-03,2024-04-03,AGT5254,Lapsed
POL52141,CUST10005,Term,564765.26,27278.58,2023-07-07,2024-07-07,AGT5054,Active
POL52142,CUST11224,Vehicle,657415.07,30002.93,2020-12-30,2021-12-30,AGT5175,Active
POL52143,CUST10146,Whole,626648.81,30085.15,2025-11-18,2026-11-18,AGT5229,Active
POL52144,CUST11030,Health,379991.17,17432.92,2026-05-23,2027-05-23,AGT5190,Active
POL52145,CUST11035,Vehicle,546799.56,29186.0,2024-10-10,2025-10-10,AGT5043,Active
POL52146,CUST11426,Term,691222.9,37166.59,2022-04-17,2023-04-17,AGT5152,Lapsed
POL52147,CUST11356,Health,698867.74,35900.07,2024-06-27,2025-06-27,AGT5054,Active
POL52148,CUST11136,Health,513379.29,25081.64,2021-03-05,2022-03-05,AGT5278,Lapsed
POL52149,CUST10634,Health,380074.0,20025.3,2021-02-01,2022-02-01,AGT5105,Active
POL52150,CUST10278,Vehicle,516418.2,26500.47,2023-02-07,2024-02-07,AGT5126,Lapsed
POL52151,CUST11059,Vehicle,563190.89,29803.96,2022-06-18,2023-06-18,AGT5257,Active
POL52152,CUST10826,Vehicle,405755.98,20332.06,2024-12-12,2025-12-12,AGT5128,Lapsed
POL52153,CUST10132,Health,652490.64,35615.19,2025-11-25,2026-11-25,AGT5058,Active
POL52154,CUST11579,Vehicle,581663.04,27861.86,2023-10-28,2024-10-28,AGT5267,Active
POL52155,CUST10519,Whole,545204.51,27828.25,2024-09-09,2025-09-09,AGT5194,Lapsed
POL52156,CUST10006,Health,489014.58,25957.15,2022-03-25,2023-03-25,AGT5181,Cancelled
POL52157,CUST11490,Term,392299.71,21160.15,2025-08-28,2026-08-28,AGT5022,Lapsed
POL52158,CUST10952,Property,584767.11,31850.79,2021-03-24,2022-03-24,AGT5134,Active
POL52159,CUST11215,Health,516451.63,25280.36,2026-01-31,2027-01-31,AGT5137,Active
POL52160,CUST10255,Health,471059.84,24492.02,2022-09-22,2023-09-22,AGT5078,Active
POL52161,CUST10674,Health,580537.05,27808.87,2025-03-11,2026-03-11,AGT5169,Active
POL52162,CUST11071,Vehicle,533370.19,27465.25,2021-08-29,2022-08-29,AGT5073,Active
POL52163,CUST10416,Vehicle,594126.79,27830.24,2022-10-08,2023-10-08,AGT5141,Lapsed
POL52164,CUST11162,Term,719143.69,35392.31,2023-03-10,2024-03-10,AGT5240,Active
POL52165,CUST10394,Health,477360.35,25874.06,2023-07-12,2024-07-12,AGT5220,Cancelled
POL52166,CUST10357,Term,533307.94,28323.49,2024-10-21,2025-10-21,AGT5083,Cancelled
POL52167,CUST10021,Term,711842.37,35567.25,2021-08-21,2022-08-21,AGT5062,Active
POL52168,CUST10462,Health,475332.88,22087.98,2024-11-08,2025-11-08,AGT5001,Active
POL52169,CUST10412,Term,549116.95,26898.89,2022-10-20,2023-10-20,AGT5103,Active
POL52170,CUST11265,Health,630284.28,29236.86,2024-10-30,2025-10-30,AGT5005,Active
POL52171,CUST10940,Vehicle,601725.69,27490.0,2023-01-03,2024-01-03,AGT5038,Active
POL52172,CUST10301,Term,737777.45,39888.02,2020-09-24,2021-09-24,AGT5293,Lapsed
POL52173,CUST10938,Whole,566205.23,28261.75,2025-05-16,2026-05-16,AGT5256,Active
POL52174,CUST10385,Vehicle,559071.98,25657.99,2024-04-03,2025-04-03,AGT5167,Active
POL52175,CUST10706,Vehicle,394226.92,20565.51,2021-02-20,2022-02-20,AGT5232,Lapsed
POL52176,CUST11470,Whole,460961.72,21085.23,2024-09-06,2025-09-06,AGT5146,Lapsed
POL52177,CUST11196,Property,592899.74,29029.35,2024-05-16,2025-05-16,AGT5180,Active
POL52178,CUST11079,Property,457037.6,21619.21,2022-08-13,2023-08-13,AGT5275,Lapsed
POL52179,CUST10461,Vehicle,549454.52,25630.02,2026-08-05,2027-08-05,AGT5023,Active
POL52180,CUST10208,Health,449161.01,22608.74,2026-04-23,2027-04-23,AGT5105,Cancelled
POL52181,CUST11246,Health,357284.67,18649.15,2025-02-17,2026-02-17,AGT5035,Active
POL52182,CUST10938,Property,567917.13,28323.1,2025-02-03,2026-02-03,AGT5238,Cancelled
POL52183,CUST11039,Health,576194.49,30658.17,2022-07-28,2023-07-28,AGT5246,Active
POL52184,CUST11611,Term,510536.16,27657.72,2021-07-29,2022-07-29,AGT5216,Lapsed
POL52185,CUST10577,Vehicle,671527.19,35639.16,2023-06-05,2024-06-05,AGT5182,Lapsed
POL52186,CUST11317,Vehicle,433208.39,23637.98,2021-07-23,2022-07-23,AGT5143,Lapsed
POL52187,CUST10927,Vehicle,412508.28,22395.22,2025-11-10,2026-11-10,AGT5007,Active
POL52188,CUST10396,Health,677194.52,36111.51,2021-05-10,2022-05-10,AGT5232,Active
POL52189,CUST10089,Vehicle,726386.18,34813.02,2026-06-30,2027-06-30,AGT5268,Cancelled
POL52190,CUST11025,Health,492290.49,23011.29,2023-02-10,2024-02-10,AGT5289,Active
POL52191,CUST10488,Property,546673.78,28574.7,2023-10-19,2024-10-19,AGT5102,Active
POL52192,CUST11152,Term,706170.07,37748.53,2020-09-11,2021-09-11,AGT5060,Lapsed
POL52193,CUST11159,Whole,589250.63,31366.54,2023-05-18,2024-05-18,AGT5196,Lapsed
POL52194,CUST10754,Property,430088.81,22122.14,2025-09-01,2026-09-01,AGT5005,Active
POL52195,CUST10889,Property,429226.28,22877.19,2021-06-05,2022-06-05,AGT5018,Cancelled
POL52196,CUST11044,Term,431526.38,22470.3,2023-05-15,2024-05-15,AGT5246,Active
POL52197,CUST10773,Whole,685594.6,35413.47,2026-06-29,2027-06-29,AGT5287,Active
POL52198,CUST11452,Property,616730.06,28040.1,2021-04-04,2022-04-04,AGT5121,Lapsed
POL52199,CUST10130,Whole,500409.98,24822.71,2021-12-26,2022-12-26,AGT5152,Cancelled
POL52200,CUST11618,Property,447398.27,20284.35,2026-07-20,2027-07-20,AGT5163,Active
POL52201,CUST10057,Term,428601.33,19682.96,2023-03-13,2024-03-13,AGT5041,Lapsed
POL52202,CUST10356,Property,670434.19,33796.62,2023-12-14,2024-12-14,AGT5066,Active
POL52203,CUST11175,Property,726057.09,33017.29,2021-09-02,2022-09-02,AGT5089,Active
POL52204,CUST10144,Whole,589465.18,31909.05,2022-12-09,2023-12-09,AGT5252,Active
POL52205,CUST10433,Property,682493.39,33785.75,2022-10-06,2023-10-06,AGT5131,Active
POL52206,CUST10257,Health,449094.94,23352.79,2026-05-22,2027-05-22,AGT5216,Lapsed
POL52207,CUST11202,Term,604930.74,28115.94,2026-07-04,2027-07-04,AGT5058,Active
POL52208,CUST10955,Health,503313.6,26915.17,2024-02-19,2025-02-19,AGT5286,Active
POL52209,CUST10109,Health,380692.97,18951.15,2020-10-04,2021-10-04,AGT5265,Cancelled
POL52210,CUST10761,Whole,572636.21,28968.38,2025-07-22,2026-07-22,AGT5142,Active
POL52211,CUST10357,Property,711012.9,36606.39,2020-10-08,2021-10-08,AGT5067,Active
POL52212,CUST11600,Health,368123.88,18553.07,2026-01-20,2027-01-20,AGT5292,Active
POL52213,CUST10178,Whole,568685.8,28793.63,2023-09-08,2024-09-08,AGT5242,Lapsed
POL52214,CUST10988,Property,721206.28,37823.83,2025-11-18,2026-11-18,AGT5153,Active
POL52215,CUST10796,Term,682912.44,36238.55,2024-11-13,2025-11-13,AGT5080,Active
POL52216,CUST10954,Property,574978.24,27634.41,2024-07-26,2025-07-26,AGT5186,Lapsed
POL52217,CUST11581,Vehicle,442768.27,24007.11,2023-05-30,2024-05-30,AGT5111,Lapsed
POL52218,CUST10566,Term,705212.74,34230.3,2023-02-19,2024-02-19,AGT5202,Lapsed
POL52219,CUST11239,Term,439920.84,20994.45,2022-10-15,2023-10-15,AGT5249,Active
POL52220,CUST10739,Vehicle,482638.23,23221.8,2023-12-06,2024-12-06,AGT5146,Lapsed
POL52221,CUST11092,Term,428910.99,20838.71,2023-10-24,2024-10-24,AGT5014,Active
POL52222,CUST10606,Whole,561718.51,27057.59,2025-04-07,2026-04-07,AGT5168,Active
POL52223,CUST10387,Whole,627241.2,33518.2,2021-05-09,2022-05-09,AGT5257,Active
POL52224,CUST10143,Term,697045.64,35278.54,2021-09-23,2022-09-23,AGT5066,Lapsed
POL52225,CUST10167,Property,562614.98,30761.79,2023-03-31,2024-03-31,AGT5287,Active
POL52226,CUST11587,Vehicle,744932.26,34147.36,2021-09-25,2022-09-25,AGT5108,Active
POL52227,CUST11300,Whole,614404.94,31420.55,2024-03-30,2025-03-30,AGT5205,Active
POL52228,CUST10409,Property,617697.86,28389.54,2023-12-06,2024-12-06,AGT5210,Lapsed
POL52229,CUST10873,Term,448372.38,22234.11,2022-12-18,2023-12-18,AGT5054,Active
POL52230,CUST11186,Term,454029.27,22169.05,2025-09-29,2026-09-29,AGT5011,Active
POL52231,CUST10582,Vehicle,595964.69,30875.59,2024-10-21,2025-10-21,AGT5284,Active
POL52232,CUST10724,Whole,662538.57,34753.1,2023-04-19,2024-04-19,AGT5210,Active
POL52233,CUST11192,Vehicle,455379.13,21576.29,2022-05-16,2023-05-16,AGT5189,Active
POL52234,CUST10387,Whole,571346.81,26817.39,2024-05-24,2025-05-24,AGT5091,Active
POL52235,CUST10870,Term,517390.32,25453.07,2026-03-23,2027-03-23,AGT5032,Lapsed
POL52236,CUST10359,Health,503567.31,23879.1,2025-10-25,2026-10-25,AGT5081,Active
POL52237,CUST10008,Whole,470520.41,24357.07,2026-08-24,2027-08-24,AGT5164,Active
POL52238,CUST11144,Term,435185.77,21836.31,2025-07-05,2026-07-05,AGT5208,Active
POL52239,CUST11173,Property,508392.9,27081.97,2021-04-18,2022-04-18,AGT5095,Cancelled
POL52240,CUST11643,Term,712991.71,39081.02,2024-07-27,2025-07-27,AGT5064,Active
POL52241,CUST10306,Vehicle,682375.34,33287.01,2024-05-15,2025-05-15,AGT5074,Active
POL52242,CUST11222,Whole,424136.84,22954.27,2023-02-21,2024-02-21,AGT5288,Active
POL52243,CUST11571,Property,418806.28,22101.13,2023-08-27,2024-08-27,AGT5189,Active
POL52244,CUST11070,Property,574786.22,26722.52,2025-03-08,2026-03-08,AGT5297,Active
POL52245,CUST11592,Health,447083.77,23856.07,2026-03-28,2027-03-28,AGT5001,Active
POL52246,CUST11642,Term,695636.94,34653.21,2021-04-09,2022-04-09,AGT5137,Active
POL52247,CUST11318,Whole,572179.75,29805.76,2023-05-04,2024-05-04,AGT5137,Active
POL52248,CUST11647,Term,706808.0,36772.48,2024-02-29,2025-02-28,AGT5120,Lapsed
POL52249,CUST11043,Property,426656.55,22979.58,2020-11-13,2021-11-13,AGT5117,Active
POL52250,CUST10826,Whole,758479.67,39904.86,2022-05-31,2023-05-31,AGT5023,Active
POL52251,CUST11521,Property,680334.02,36225.23,2023-03-14,2024-03-14,AGT5009,Active
POL52252,CUST11370,Term,660710.91,31852.29,2022-01-04,2023-01-04,AGT5233,Active
POL52253,CUST10181,Vehicle,733401.71,40140.08,2023-05-27,2024-05-27,AGT5132,Active
POL52254,CUST10496,Whole,566066.55,29218.05,2022-12-17,2023-12-17,AGT5048,Active
POL52255,CUST10431,Whole,442322.23,23326.71,2021-11-05,2022-11-05,AGT5104,Active
POL52256,CUST11414,Property,576306.79,30883.6,2023-06-29,2024-06-29,AGT5279,Active
POL52257,CUST10394,Health,635328.34,29376.21,2021-06-02,2022-06-02,AGT5140,Active
POL52258,CUST10498,Health,650840.04,31477.3,2026-06-25,2027-06-25,AGT5297,Active
POL52259,CUST10858,Term,567880.19,30301.72,2026-02-27,2027-02-27,AGT5048,Active
POL52260,CUST10130,Property,666936.35,36161.17,2023-02-25,2024-02-25,AGT5036,Lapsed
POL52261,CUST11590,Health,436433.45,22939.35,2025-08-06,2026-08-06,AGT5169,Lapsed
POL52262,CUST10814,Whole,473760.61,23604.22,2024-11-23,2025-11-23,AGT5204,Active
POL52263,CUST10323,Term,605158.02,28751.8,2025-02-13,2026-02-13,AGT5294,Active
POL52264,CUST10444,Health,497612.91,25005.19,2020-09-19,2021-09-19,AGT5139,Active
POL52265,CUST11313,Term,442941.49,21692.17,2022-12-03,2023-12-03,AGT5060,Active
POL52266,CUST11057,Term,671959.79,36189.27,2022-01-06,2023-01-06,AGT5162,Active
POL52267,CUST10768,Whole,589876.77,29890.62,2022-05-17,2023-05-17,AGT5092,Lapsed
POL52268,CUST10548,Whole,585351.04,28635.76,2025-12-14,2026-12-14,AGT5053,Lapsed
POL52269,CUST11489,Whole,457884.17,22887.25,2022-04-05,2023-04-05,AGT5026,Active
POL52270,CUST11278,Whole,477839.14,25963.71,2025-09-14,2026-09-14,AGT5217,Active
POL52271,CUST11192,Term,645768.06,33019.79,2025-06-11,2026-06-11,AGT5192,Active
POL52272,CUST10735,Term,706501.03,33410.29,2023-03-01,2024-03-01,AGT5049,Active
POL52273,CUST11620,Vehicle,444986.19,22249.65,2022-02-14,2023-02-14,AGT5167,Active
POL52274,CUST11177,Term,691409.89,34333.05,2026-01-28,2027-01-28,AGT5265,Active
POL52275,CUST10702,Whole,688416.64,33115.62,2023-02-28,2024-02-28,AGT5245,Active
POL52276,CUST11589,Health,635219.14,33261.98,2020-10-07,2021-10-07,AGT5136,Active
POL52277,CUST11482,Health,553610.33,26397.73,2021-08-05,2022-08-05,AGT5017,Active
POL52278,CUST11222,Vehicle,510996.28,25511.74,2022-12-02,2023-12-02,AGT5190,Active
POL52279,CUST11268,Property,681843.05,33690.18,2025-07-29,2026-07-29,AGT5154,Active
POL52280,CUST10702,Vehicle,559419.37,27785.59,2025-08-05,2026-08-05,AGT5276,Lapsed
POL52281,CUST10841,Property,470417.67,23835.01,2024-04-10,2025-04-10,AGT5165,Active
POL52282,CUST10327,Term,535010.55,27731.19,2022-09-07,2023-09-07,AGT5221,Active
POL52283,CUST10983,Whole,561220.98,26057.49,2026-06-06,2027-06-06,AGT5158,Active
POL52284,CUST10612,Property,579557.88,27751.12,2026-08-19,2027-08-19,AGT5162,Lapsed
POL52285,CUST10576,Term,723920.5,38171.15,2022-02-15,2023-02-15,AGT5095,Cancelled
POL52286,CUST11572,Health,493907.75,26709.27,2026-07-07,2027-07-07,AGT5120,Active
POL52287,CUST10275,Term,490155.33,22275.88,2021-10-30,2022-10-30,AGT5088,Active
POL52288,CUST11367,Term,748635.75,34237.85,2024-07-16,2025-07-16,AGT5138,Active
POL52289,CUST10461,Term,473803.23,25745.66,2025-08-24,2026-08-24,AGT5285,Cancelled
POL52290,CUST10050,Vehicle,382201.96,17764.52,2025-06-25,2026-06-25,AGT5102,Active
POL52291,CUST10070,Health,647437.36,35474.96,2024-02-21,2025-02-21,AGT5138,Active
POL52292,CUST10709,Whole,752461.62,40092.83,2021-06-12,2022-06-12,AGT5283,Active
POL52293,CUST10751,Health,588746.18,27204.22,2024-06-28,2025-06-28,AGT5045,Active
POL52294,CUST10527,Vehicle,532091.57,24489.65,2026-07-16,2027-07-16,AGT5075,Lapsed
POL52295,CUST11107,Health,540314.14,29594.61,2021-09-18,2022-09-18,AGT5147,Active
POL52296,CUST10804,Whole,705320.6,33536.74,2026-02-05,2027-02-05,AGT5122,Active
POL52297,CUST10125,Vehicle,712658.64,35908.5,2023-10-11,2024-10-11,AGT5102,Active
POL52298,CUST10577,Vehicle,416754.79,19738.49,2023-04-19,2024-04-19,AGT5233,Lapsed
POL52299,CUST10167,Property,719178.74,36682.97,2021-04-09,2022-04-09,AGT5149,Active
POL52300,CUST10106,Term,617018.95,32948.99,2025-06-25,2026-06-25,AGT5109,Cancelled
POL52301,CUST10357,Property,397427.24,20494.96,2023-09-13,2024-09-13,AGT5143,Lapsed
POL52302,CUST11159,Term,422887.3,19227.06,2024-06-18,2025-06-18,AGT5265,Active
POL52303,CUST11152,Whole,402530.67,20509.7,2025-05-19,2026-05-19,AGT5295,Active
POL52304,CUST11424,Property,750195.05,38717.69,2025-09-24,2026-09-24,AGT5072,Lapsed
POL52305,CUST11253,Term,544216.58,25583.07,2024-06-09,2025-06-09,AGT5012,Active
POL52306,CUST10888,Property,660512.02,34756.92,2022-03-27,2023-03-27,AGT5009,Cancelled
POL52307,CUST10516,Whole,385661.18,19772.44,2023-12-28,2024-12-28,AGT5133,Active
POL52308,CUST10010,Whole,690371.21,31132.62,2026-05-14,2027-05-14,AGT5188,Active
POL52309,CUST11072,Property,570583.62,31099.97,2021-11-23,2022-11-23,AGT5015,Active
POL52310,CUST10474,Property,740587.03,36626.32,2021-03-26,2022-03-26,AGT5152,Lapsed
POL52311,CUST10415,Health,532314.12,25191.12,2023-04-19,2024-04-19,AGT5119,Active
POL52312,CUST11611,Term,682427.26,31297.46,2024-06-12,2025-06-12,AGT5279,Active
POL52313,CUST10295,Whole,627344.68,30579.47,2024-03-26,2025-03-26,AGT5181,Lapsed
POL52314,CUST10057,Health,532188.47,25586.39,2020-11-02,2021-11-02,AGT5126,Active
POL52315,CUST11573,Whole,750074.01,35988.2,2024-12-02,2025-12-02,AGT5175,Active
POL52316,CUST10502,Term,570571.1,30201.48,2026-03-13,2027-03-13,AGT5040,Lapsed
POL52317,CUST10659,Vehicle,715322.8,36809.95,2021-02-22,2022-02-22,AGT5142,Lapsed
POL52318,CUST10139,Property,398889.89,18480.78,2022-12-20,2023-12-20,AGT5098,Active
POL52319,CUST10674,Term,632305.29,32930.93,2025-02-16,2026-02-16,AGT5054,Cancelled
POL52320,CUST11607,Vehicle,722608.08,37745.3,2021-06-16,2022-06-16,AGT5117,Lapsed
POL52321,CUST11150,Whole,731221.0,36665.39,2023-05-25,2024-05-25,AGT5191,Active
POL52322,CUST10782,Vehicle,561350.27,30850.5,2024-06-18,2025-06-18,AGT5174,Active
POL52323,CUST10505,Health,515234.01,24646.11,2022-10-28,2023-10-28,AGT5289,Active
POL52324,CUST10606,Property,697047.67,31774.61,2022-02-10,2023-02-10,AGT5082,Active
POL52325,CUST11015,Property,513981.12,23277.21,2026-01-23,2027-01-23,AGT5209,Active
POL52326,CUST10423,Vehicle,732247.02,35298.32,2022-06-15,2023-06-15,AGT5165,Cancelled
POL52327,CUST10254,Property,481513.39,24065.64,2023-11-20,2024-11-20,AGT5262,Lapsed
POL52328,CUST11152,Whole,413643.16,18937.54,2022-02-22,2023-02-22,AGT5272,Lapsed
POL52329,CUST11438,Property,682190.72,34558.41,2025-05-09,2026-05-09,AGT5212,Cancelled
POL52330,CUST11490,Term,535902.3,28943.39,2025-05-23,2026-05-23,AGT5127,Active
POL52331,CUST11390,Property,521974.29,27648.26,2025-04-18,2026-04-18,AGT5160,Active
POL52332,CUST10877,Whole,508550.33,26304.61,2024-08-18,2025-08-18,AGT5195,Active
POL52333,CUST11301,Whole,762470.26,39356.67,2022-04-28,2023-04-28,AGT5241,Lapsed
POL52334,CUST11535,Term,599594.64,31360.6,2026-04-14,2027-04-14,AGT5068,Active
POL52335,CUST10042,Term,759915.36,37951.74,2024-06-09,2025-06-09,AGT5261,Lapsed
POL52336,CUST10686,Term,512576.15,25125.46,2024-07-03,2025-07-03,AGT5240,Cancelled
POL52337,CUST10348,Vehicle,534480.37,25690.63,2024-02-24,2025-02-24,AGT5026,Active
POL52338,CUST11645,Vehicle,458046.3,21068.38,2021-04-17,2022-04-17,AGT5080,Active
POL52339,CUST11540,Health,500627.44,25342.57,2023-06-06,2024-06-06,AGT5070,Active
POL52340,CUST11319,Whole,408872.06,20331.24,2024-04-01,2025-04-01,AGT5173,Active
POL52341,CUST10486,Whole,385214.77,17792.7,2021-04-25,2022-04-25,AGT5062,Active
POL52342,CUST11575,Vehicle,549261.77,26190.28,2022-05-15,2023-05-15,AGT5090,Active
POL52343,CUST10051,Whole,672219.21,35541.59,2026-01-15,2027-01-15,AGT5056,Active
POL52344,CUST10321,Vehicle,543210.63,25832.95,2021-03-25,2022-03-25,AGT5020,Active
POL52345,CUST11027,Health,531301.89,26170.44,2023-08-22,2024-08-22,AGT5137,Lapsed
POL52346,CUST11307,Whole,556562.12,25943.07,2022-11-04,2023-11-04,AGT5095,Active
POL52347,CUST11463,Vehicle,577132.02,26951.18,2025-09-14,2026-09-14,AGT5151,Active
POL52348,CUST10493,Whole,683607.56,35932.78,2023-01-07,2024-01-07,AGT5063,Lapsed
POL52349,CUST10653,Property,694457.72,31713.62,2023-08-15,2024-08-15,AGT5085,Active
POL52350,CUST10751,Vehicle,694785.94,33245.69,2020-10-21,2021-10-21,AGT5267,Active
POL52351,CUST10048,Term,462542.01,25351.21,2021-02-11,2022-02-11,AGT5241,Lapsed
POL52352,CUST11427,Health,510245.56,25389.27,2026-06-06,2027-06-06,AGT5079,Active
POL52353,CUST10558,Whole,704937.19,35995.6,2021-02-17,2022-02-17,AGT5048,Lapsed
POL52354,CUST10340,Term,740826.85,38084.35,2024-10-18,2025-10-18,AGT5292,Active
POL52355,CUST10682,Health,540044.18,25361.22,2022-12-04,2023-12-04,AGT5204,Cancelled
POL52356,CUST11178,Term,569579.49,27734.77,2022-07-22,2023-07-22,AGT5147,Lapsed
POL52357,CUST11440,Whole,679368.99,33293.88,2026-02-14,2027-02-14,AGT5209,Lapsed
POL52358,CUST10366,Property,766802.31,36274.99,2025-07-11,2026-07-11,AGT5066,Active
POL52359,CUST10290,Term,543993.13,25752.55,2021-10-02,2022-10-02,AGT5128,Active
POL52360,CUST11563,Term,444485.53,22703.74,2020-09-25,2021-09-25,AGT5117,Active
POL52361,CUST10909,Health,642007.38,29586.75,2021-09-29,2022-09-29,AGT5216,Cancelled
POL52362,CUST10606,Vehicle,646540.73,29929.31,2024-01-29,2025-01-29,AGT5055,Lapsed
POL52363,CUST10340,Vehicle,432838.64,21959.21,2024-04-24,2025-04-24,AGT5146,Active
POL52364,CUST11642,Property,509551.08,25219.41,2020-11-10,2021-11-10,AGT5250,Active
POL52365,CUST11196,Property,597991.01,30568.9,2026-07-13,2027-07-13,AGT5058,Active
POL52366,CUST10372,Term,660554.11,29903.02,2026-08-21,2027-08-21,AGT5035,Active
POL52367,CUST10151,Term,679316.67,35357.86,2023-07-30,2024-07-30,AGT5246,Active
POL52368,CUST10340,Property,444956.58,23804.69,2024-05-10,2025-05-10,AGT5262,Active
POL52369,CUST10413,Health,425862.73,21395.94,2023-12-14,2024-12-14,AGT5129,Active
POL52370,CUST10182,Term,665382.74,35537.03,2021-08-16,2022-08-16,AGT5013,Lapsed
POL52371,CUST10389,Health,390639.33,19140.01,2025-02-14,2026-02-14,AGT5162,Lapsed
POL52372,CUST10193,Health,524356.08,24009.87,2026-03-27,2027-03-27,AGT5089,Active
POL52373,CUST10630,Property,595206.98,29031.48,2021-10-30,2022-10-30,AGT5176,Active
POL52374,CUST10805,Whole,515651.5,25506.02,2020-11-06,2021-11-06,AGT5041,Active
POL52375,CUST10753,Term,685302.27,36770.15,2020-10-23,2021-10-23,AGT5241,Lapsed
POL52376,CUST11366,Property,406335.09,19645.15,2023-09-29,2024-09-29,AGT5205,Lapsed
POL52377,CUST10422,Vehicle,671874.02,32351.41,2021-08-02,2022-08-02,AGT5193,Active
POL52378,CUST11468,Whole,633722.61,34145.08,2025-11-16,2026-11-16,AGT5153,Active
POL52379,CUST11503,Term,575003.51,27318.22,2021-05-12,2022-05-12,AGT5066,Lapsed
POL52380,CUST11587,Term,714310.18,36733.02,2021-12-22,2022-12-22,AGT5281,Lapsed
POL52381,CUST10306,Health,420786.25,20309.81,2022-08-21,2023-08-21,AGT5079,Active
POL52382,CUST10411,Property,693298.0,37794.83,2021-12-28,2022-12-28,AGT5109,Lapsed
POL52383,CUST11040,Health,415721.09,19495.76,2025-01-15,2026-01-15,AGT5277,Active
POL52384,CUST10235,Whole,766321.75,40032.18,2026-04-25,2027-04-25,AGT5012,Active
POL52385,CUST10145,Property,397614.44,20079.78,2022-04-12,2023-04-12,AGT5037,Lapsed
POL52386,CUST10125,Vehicle,587108.56,32165.96,2023-07-25,2024-07-25,AGT5228,Active
POL52387,CUST11004,Vehicle,441510.36,24256.83,2026-05-24,2027-05-24,AGT5110,Lapsed
POL52388,CUST11324,Vehicle,532214.58,28173.83,2022-10-07,2023-10-07,AGT5173,Lapsed
POL52389,CUST10429,Health,401781.33,18495.83,2023-12-25,2024-12-25,AGT5174,Active
POL52390,CUST11546,Whole,459622.8,22838.69,2022-06-10,2023-06-10,AGT5248,Active
POL52391,CUST11305,Property,408477.5,21871.98,2025-02-22,2026-02-22,AGT5186,Lapsed
POL52392,CUST10131,Whole,388081.36,19941.5,2023-08-25,2024-08-25,AGT5127,Lapsed
POL52393,CUST10679,Term,655915.2,35281.48,2023-10-01,2024-10-01,AGT5164,Lapsed
POL52394,CUST10113,Term,554495.19,29384.73,2023-01-27,2024-01-27,AGT5221,Active
POL52395,CUST11515,Term,398893.42,19198.58,2021-10-31,2022-10-31,AGT5113,Active
POL52396,CUST11228,Whole,746503.38,35048.82,2021-09-17,2022-09-17,AGT5051,Active
POL52397,CUST11137,Property,641259.91,30925.17,2024-10-18,2025-10-18,AGT5145,Lapsed
POL52398,CUST11131,Property,486745.16,25291.01,2025-12-30,2026-12-30,AGT5299,Active
POL52399,CUST10466,Term,548862.2,27339.18,2022-05-12,2023-05-12,AGT5033,Active
POL52400,CUST11546,Property,573367.67,26052.96,2023-01-12,2024-01-12,AGT5052,Lapsed
POL52401,CUST11531,Whole,604422.21,31686.7,2024-03-05,2025-03-05,AGT5298,Active
POL52402,CUST11222,Health,650107.6,29545.42,2025-04-10,2026-04-10,AGT5248,Active
POL52403,CUST10773,Whole,612111.61,30050.42,2022-07-17,2023-07-17,AGT5035,Active
POL52404,CUST10080,Property,761809.57,37803.16,2025-06-09,2026-06-09,AGT5063,Active
POL52405,CUST10049,Health,604383.18,30237.45,2026-05-25,2027-05-25,AGT5207,Cancelled
POL52406,CUST10230,Term,758619.31,35193.04,2023-08-08,2024-08-08,AGT5234,Active
POL52407,CUST10984,Property,597038.42,31331.32,2025-12-21,2026-12-21,AGT5220,Active
POL52408,CUST11313,Property,646202.94,34567.8,2023-03-20,2024-03-20,AGT5258,Active
POL52409,CUST11572,Vehicle,656925.66,34146.34,2025-02-26,2026-02-26,AGT5152,Active
POL52410,CUST10296,Vehicle,663294.38,36156.65,2025-07-27,2026-07-27,AGT5262,Lapsed
POL52411,CUST10451,Health,358550.37,17058.04,2024-05-30,2025-05-30,AGT5178,Active
POL52412,CUST10090,Health,394616.01,18391.99,2024-04-26,2025-04-26,AGT5142,Active
POL52413,CUST11634,Vehicle,464079.06,21195.86,2023-04-02,2024-04-02,AGT5190,Active
POL52414,CUST11289,Property,489525.38,25560.66,2024-01-29,2025-01-29,AGT5128,Active
POL52415,CUST10793,Vehicle,720229.18,33577.86,2022-12-01,2023-12-01,AGT5181,Active
POL52416,CUST10949,Term,657173.13,35738.27,2024-06-20,2025-06-20,AGT5250,Active
POL52417,CUST10933,Term,436161.93,22237.06,2021-01-21,2022-01-21,AGT5287,Cancelled
POL52418,CUST10422,Health,499224.26,26479.53,2021-09-04,2022-09-04,AGT5173,Lapsed
POL52419,CUST10315,Whole,478601.79,23617.55,2020-11-16,2021-11-16,AGT5001,Active
POL52420,CUST10488,Term,698092.98,36544.09,2023-09-28,2024-09-28,AGT5186,Active
POL52421,CUST10412,Health,671228.95,33183.22,2024-03-12,2025-03-12,AGT5075,Active
POL52422,CUST10924,Term,444176.69,22381.01,2022-06-08,2023-06-08,AGT5070,Active
POL52423,CUST10506,Whole,545379.75,28761.05,2025-08-20,2026-08-20,AGT5264,Active
POL52424,CUST11211,Vehicle,738172.38,34975.74,2024-07-18,2025-07-18,AGT5133,Lapsed
POL52425,CUST10938,Whole,637979.44,34352.06,2026-06-19,2027-06-19,AGT5237,Active
POL52426,CUST10881,Whole,719217.29,37516.52,2022-10-15,2023-10-15,AGT5110,Active
POL52427,CUST11574,Whole,522712.09,27424.3,2020-11-07,2021-11-07,AGT5182,Active
POL52428,CUST10530,Whole,465735.41,22067.3,2021-10-02,2022-10-02,AGT5199,Active
POL52429,CUST11059,Health,591956.31,27171.55,2022-08-11,2023-08-11,AGT5267,Active
POL52430,CUST10000,wholee,398099.22,18204.51,2025-06-02,2026-06-02,AGT5058,Active
POL52431,CUST11220,Term,701922.57,36128.07,2022-10-27,2023-10-27,AGT5168,Lapsed
POL52432,CUST10832,Term,669470.38,31130.39,2021-02-09,2022-02-09,AGT5121,Lapsed
POL52433,CUST10357,Vehicle,493254.71,27125.02,2024-08-13,2025-08-13,AGT5139,Active
POL52434,CUST10004,Property,577003.94,31510.46,2022-11-27,2023-11-27,AGT5254,Active
POL52435,CUST11172,Whole,692689.65,31373.14,2025-05-08,2026-05-08,AGT5040,Active
POL52436,CUST11096,Vehicle,731396.1,38215.87,2021-05-29,2022-05-29,AGT5163,Active
POL52437,CUST11101,Term,515849.23,24558.41,2022-08-02,2023-08-02,AGT5116,Lapsed
POL52438,CUST10717,Term,682881.88,33057.63,2020-09-26,2021-09-26,AGT5268,Active
POL52439,CUST11064,Whole,459869.83,21799.26,2022-08-24,2023-08-24,AGT5064,Active
POL52440,CUST10943,Term,726200.56,38710.45,2023-06-20,2024-06-20,AGT5069,Lapsed
POL52441,CUST10401,Term,643304.38,34698.24,2025-06-12,2026-06-12,AGT5027,Active
POL52442,CUST10858,Whole,443804.64,20150.51,2026-01-25,2027-01-25,AGT5131,Lapsed
POL52443,CUST10853,Health,608940.12,29046.68,2024-01-17,2025-01-17,AGT5003,Active
POL52444,CUST11358,Term,657728.0,32548.98,2022-12-27,2023-12-27,AGT5150,Lapsed
POL52445,CUST10716,Vehicle,658588.44,33073.14,2024-04-14,2025-04-14,AGT5067,Lapsed
POL52446,CUST10716,Term,513070.73,23537.87,2023-11-02,2024-11-02,AGT5120,Active
POL52447,CUST11628,Property,669823.1,35701.76,2021-04-16,2022-04-16,AGT5181,Cancelled
POL52448,CUST11480,Vehicle,690443.48,37518.56,2022-05-05,2023-05-05,AGT5205,Lapsed
POL52449,CUST10405,Property,518644.63,25428.45,2024-04-27,2025-04-27,AGT5018,Active
POL52450,CUST11507,Health,422785.18,22649.59,2025-12-22,2026-12-22,AGT5044,Active
POL52451,CUST10229,Vehicle,713618.61,36939.43,2025-10-31,2026-10-31,AGT5095,Active
POL52452,CUST11412,Health,567242.92,28882.56,2021-02-14,2022-02-14,AGT5155,Active
POL52453,CUST10310,Health,511135.51,27187.55,2026-01-11,2027-01-11,AGT5265,Lapsed
POL52454,CUST10706,Vehicle,710543.2,35335.52,2023-03-16,2024-03-16,AGT5041,Active
POL52455,CUST11628,Whole,437362.17,22076.8,2025-03-18,2026-03-18,AGT5020,Active
POL52456,CUST10162,Term,690738.03,32980.43,2022-07-31,2023-07-31,AGT5188,Lapsed
POL52457,CUST11386,Health,521787.45,27196.53,2022-08-05,2023-08-05,AGT5293,Cancelled
POL52458,CUST10820,Health,364883.49,17000.15,2021-11-09,2022-11-09,AGT5249,Active
POL52459,CUST10182,Vehicle,745647.6,35367.27,2025-06-28,2026-06-28,AGT5169,Lapsed
POL52460,CUST11575,Vehicle,672109.23,33470.51,2023-09-01,2024-09-01,AGT5005,Lapsed
POL52461,CUST10906,Health,425164.54,20770.62,2026-08-13,2027-08-13,AGT5172,Active
POL52462,CUST11458,Property,740622.8,35102.4,2023-03-15,2024-03-15,AGT5137,Active
POL52463,CUST11437,Health,677370.95,31781.49,2021-06-02,2022-06-02,AGT5134,Lapsed
POL52464,CUST10027,Vehicle,680576.0,36484.98,2021-09-13,2022-09-13,AGT5147,Cancelled
POL52465,CUST10436,Term,430015.52,21891.48,2022-08-20,2023-08-20,AGT5168,Lapsed
POL52466,CUST10557,Property,456756.81,22277.82,2022-12-21,2023-12-21,AGT5216,Lapsed
POL52467,CUST10886,Vehicle,663024.45,35443.83,2024-02-18,2025-02-18,AGT5057,Active
POL52468,CUST10120,Property,736815.22,39236.59,2022-05-20,2023-05-20,AGT5022,Lapsed
POL52469,CUST10649,Whole,467781.98,21568.9,2024-07-14,2025-07-14,AGT5015,Cancelled
POL52470,CUST11344,Health,511289.74,25908.51,2025-10-23,2026-10-23,AGT5121,Active
POL52471,CUST10291,Vehicle,436512.12,20977.08,2026-08-08,2027-08-08,AGT5152,Active
POL52472,CUST11161,Property,569033.02,28684.01,2026-02-22,2027-02-22,AGT5235,Active
POL52473,CUST10761,Vehicle,620876.01,32397.3,2022-05-19,2023-05-19,AGT5130,Cancelled
POL52474,CUST10119,Vehicle,385013.75,17358.37,2025-09-21,2026-09-21,AGT5159,Active
POL52475,CUST10300,Term,626776.72,31423.87,2023-02-02,2024-02-02,AGT5293,Active
POL52476,CUST10235,Whole,631303.72,30250.38,2026-01-18,2027-01-18,AGT5224,Lapsed
POL52477,CUST11034,Vehicle,549993.21,27686.72,2026-03-08,2027-03-08,AGT5207,Active
POL52478,CUST10146,Property,729729.87,33639.4,2020-11-27,2021-11-27,AGT5109,Lapsed
POL52479,CUST11357,Vehicle,428961.59,22810.32,2024-07-17,2025-07-17,AGT5045,Active
POL52480,CUST11328,Vehicle,397395.87,20043.33,2021-02-02,2022-02-02,AGT5276,Lapsed
POL52481,CUST10137,Whole,575895.0,27130.78,2021-03-30,2022-03-30,AGT5166,Lapsed
POL52482,CUST11470,Vehicle,579487.05,30537.14,2025-06-28,2026-06-28,AGT5023,Active
POL52483,CUST11587,Whole,487675.34,22129.65,2025-01-05,2026-01-05,AGT5144,Active
POL52484,CUST10075,Term,748360.97,38112.7,2022-04-28,2023-04-28,AGT5027,Active
POL52485,CUST11574,Vehicle,473908.9,23703.79,2025-03-13,2026-03-13,AGT5294,Active
POL52486,CUST10457,Property,489012.3,22199.42,2023-01-28,2024-01-28,AGT5158,Lapsed
POL52487,CUST11100,Property,697229.79,33116.36,2024-01-05,2025-01-05,AGT5235,Active
POL52488,CUST10295,Health,672988.29,30803.62,2022-07-21,2023-07-21,AGT5141,Active
POL52489,CUST11349,Vehicle,580660.82,30382.42,2024-05-07,2025-05-07,AGT5005,Active
POL52490,CUST11390,Whole,392335.78,20424.1,2023-01-13,2024-01-13,AGT5191,Active
POL52491,CUST11616,Health,474402.21,21771.73,2024-11-07,2025-11-07,AGT5195,Active
POL52492,CUST11639,Whole,471216.83,21719.36,2023-05-27,2024-05-27,AGT5068,Lapsed
POL52493,CUST10129,Whole,581741.95,31299.36,2025-10-07,2026-10-07,AGT5214,Active
POL52494,CUST11087,Vehicle,636012.14,29897.96,2026-06-23,2027-06-23,AGT5067,Active
POL52495,CUST10447,Property,536087.97,25751.85,2021-05-27,2022-05-27,AGT5207,Lapsed
POL52496,CUST10211,Vehicle,581122.07,30127.0,2022-12-01,2023-12-01,AGT5224,Active
POL52497,CUST10248,Whole,677546.22,30901.01,2024-05-19,2025-05-19,AGT5041,Active
POL52498,CUST11551,Health,436151.45,23760.03,2020-11-06,2021-11-06,AGT5087,Lapsed
POL52499,CUST11133,Vehicle,452075.87,20447.43,2020-12-16,2021-12-16,AGT5048,Active
POL52500,CUST10085,Health,631972.23,33805.1,2020-09-25,2021-09-25,AGT5218,Active
POL52501,CUST11628,Term,395624.51,19230.94,2021-04-21,2022-04-21,AGT5070,Lapsed
POL52502,CUST11330,Health,402708.8,18726.12,2022-08-11,2023-08-11,AGT5192,Active
POL52503,CUST10508,Property,389757.35,19010.38,2024-10-19,2025-10-19,AGT5125,Active
POL52504,CUST10777,Term,593379.3,32474.71,2023-04-16,2024-04-16,AGT5024,Lapsed
POL52505,CUST11207,Term,610432.71,30698.53,2021-09-11,2022-09-11,AGT5264,Cancelled
POL52506,CUST11120,Property,589446.82,26874.53,2021-10-27,2022-10-27,AGT5213,Active
POL52507,CUST10766,Vehicle,534593.69,29090.14,2026-02-01,2027-02-01,AGT5078,Active
POL52508,CUST10849,Health,535160.19,24850.49,2022-11-20,2023-11-20,AGT5263,Active
POL52509,CUST10075,Vehicle,451308.49,20555.69,2026-02-03,2027-02-03,AGT5212,Cancelled
POL52510,CUST10829,Health,639184.95,29053.68,2026-08-12,2027-08-12,AGT5244,Active
POL52511,CUST10563,Whole,762597.61,40618.5,2026-04-12,2027-04-12,AGT5053,Active
POL52512,CUST10466,Health,539218.01,25089.92,2025-11-18,2026-11-18,AGT5002,Active
POL52513,CUST10443,Term,524316.64,24532.69,2022-03-26,2023-03-26,AGT5018,Active
POL52514,CUST11075,Vehicle,677293.87,36872.66,2025-05-20,2026-05-20,AGT5161,Lapsed
POL52515,CUST10710,Property,459332.69,23479.3,2021-05-03,2022-05-03,AGT5236,Lapsed
POL52516,CUST10706,Vehicle,499252.41,23891.32,2026-05-11,2027-05-11,AGT5274,Active
POL52517,CUST10266,Health,678993.2,34536.68,2021-02-14,2022-02-14,AGT5288,Lapsed
POL52518,CUST11591,Vehicle,448419.2,21268.94,2022-08-25,2023-08-25,AGT5179,Lapsed
POL52519,CUST10381,Term,424272.09,21189.27,2024-05-08,2025-05-08,AGT5189,Cancelled
POL52520,CUST10676,Vehicle,584521.7,28259.42,2025-07-19,2026-07-19,AGT5087,Cancelled
POL52521,CUST10323,Property,611155.67,31307.22,2022-04-17,2023-04-17,AGT5000,Lapsed
POL52522,CUST11165,Vehicle,603722.74,31748.62,2021-09-11,2022-09-11,AGT5058,Lapsed
POL52523,CUST10716,Whole,448324.12,21737.03,2021-07-01,2022-07-01,AGT5016,Active
POL52524,CUST10688,Term,656616.71,30492.71,2023-06-09,2024-06-09,AGT5205,Lapsed
POL52525,CUST11446,Health,434798.39,21112.68,2021-06-06,2022-06-06,AGT5150,Active
POL52526,CUST11257,Property,750019.48,39437.19,2025-11-05,2026-11-05,AGT5231,Lapsed
POL52527,CUST10860,Health,429785.01,22723.08,2025-03-11,2026-03-11,AGT5044,Lapsed
POL52528,CUST10773,Property,391664.92,20701.65,2026-01-01,2027-01-01,AGT5273,Active
POL52529,CUST11588,Term,598132.94,32745.22,2026-06-21,2027-06-21,AGT5215,Active
POL52530,CUST11581,Whole,463096.43,24658.88,2023-02-25,2024-02-25,AGT5271,Active
POL52531,CUST11168,Vehicle,615600.91,33664.59,2023-05-10,2024-05-10,AGT5194,Active
POL52532,CUST11258,Term,468944.9,24041.83,2021-05-29,2022-05-29,AGT5101,Lapsed
POL52533,CUST11486,Property,549812.48,26002.55,2023-11-03,2024-11-03,AGT5187,Lapsed
POL52534,CUST11594,Vehicle,445856.44,22775.22,2024-02-21,2025-02-21,AGT5181,Active
POL52535,CUST10141,Whole,550092.37,25842.43,2024-08-22,2025-08-22,AGT5054,Lapsed
POL52536,CUST11645,Property,437560.33,20063.57,2026-07-14,2027-07-14,AGT5030,Active
POL52537,CUST11165,Property,515119.63,24732.57,2022-08-09,2023-08-09,AGT5195,Active
POL52538,CUST10979,Health,419626.07,20405.47,2025-01-22,2026-01-22,AGT5028,Active
POL52539,CUST10687,Property,699199.22,36420.5,2022-01-11,2023-01-11,AGT5030,Lapsed
POL52540,CUST10557,Health,605273.93,29434.94,2022-04-04,2023-04-04,AGT5021,Lapsed
POL52541,CUST11322,Whole,449225.47,20229.29,2022-06-14,2023-06-14,AGT5186,Active
POL52542,CUST11083,Whole,416918.25,22584.22,2021-03-03,2022-03-03,AGT5278,Active
POL52543,CUST10342,Vehicle,387731.46,19733.22,2024-01-10,2025-01-10,AGT5149,Lapsed
POL52544,CUST11012,Vehicle,463681.94,21842.93,2025-11-29,2026-11-29,AGT5045,Active
POL52545,CUST10235,Property,569868.29,27081.78,2024-08-18,2025-08-18,AGT5153,Lapsed
POL52546,CUST10826,Health,489959.12,22656.4,2025-01-31,2026-01-31,AGT5144,Lapsed
POL52547,CUST10962,Vehicle,745226.63,40291.03,2021-11-28,2022-11-28,AGT5178,Active
POL52548,CUST11059,Health,627285.98,29671.94,2021-02-21,2022-02-21,AGT5129,Active
POL52549,CUST10243,Whole,415101.87,22584.23,2026-07-04,2027-07-04,AGT5159,Active
POL52550,CUST10159,Property,446188.97,21257.83,2021-01-13,2022-01-13,AGT5097,Active
POL52551,CUST10428,Term,391647.54,20754.39,2020-10-01,2021-10-01,AGT5271,Active
POL52552,CUST11007,Property,438217.15,19765.57,2021-12-20,2022-12-20,AGT5161,Active
POL52553,CUST11542,Health,535296.0,26675.26,2025-08-02,2026-08-02,AGT5093,Active
POL52554,CUST11287,Vehicle,407006.98,19818.04,2021-10-19,2022-10-19,AGT5000,Active
POL52555,CUST11235,Health,370953.78,17934.08,2021-04-20,2022-04-20,AGT5203,Active
POL52556,CUST10546,Property,430492.18,23643.3,2021-12-04,2022-12-04,AGT5114,Active
POL52557,CUST10184,Property,642724.25,33555.78,2024-03-20,2025-03-20,AGT5074,Active
POL52558,CUST11476,Whole,392452.88,18664.19,2023-11-03,2024-11-03,AGT5143,Active
POL52559,CUST10829,Vehicle,744518.67,39105.41,2025-10-28,2026-10-28,AGT5145,Active
POL52560,CUST10166,Term,526769.96,24387.18,2025-03-27,2026-03-27,AGT5240,Active
POL52561,CUST10886,Vehicle,505230.02,27413.42,2022-07-18,2023-07-18,AGT5162,Active
POL52562,CUST11119,Whole,567802.94,27972.17,2023-05-26,2024-05-26,AGT5210,Active
POL52563,CUST10526,Vehicle,573751.76,26912.76,2021-08-06,2022-08-06,AGT5194,Active
POL52564,CUST10017,Whole,546705.15,26093.26,2023-09-13,2024-09-13,AGT5254,Active
POL52565,CUST11037,Whole,572235.46,26638.41,2026-02-27,2027-02-27,AGT5001,Active
POL52566,CUST10070,Whole,515797.55,28010.69,2021-12-26,2022-12-26,AGT5112,Lapsed
POL52567,CUST10714,Term,504345.83,24238.32,2022-11-09,2022-11-09,AGT5214,Active
POL52568,CUST11359,Whole,395516.38,18363.24,2026-07-11,2027-07-11,AGT5042,Active
POL52569,CUST11646,Term,637791.9,33885.25,2025-11-18,2026-11-18,AGT5132,Active
POL52570,CUST10614,Property,622649.71,29347.09,2023-10-03,2024-10-03,AGT5120,Cancelled
POL52571,CUST10036,Health,584087.13,26833.84,2025-05-09,2026-05-09,AGT5241,Active
POL52572,CUST10818,Property,747306.2,38623.74,2021-10-19,2022-10-19,AGT5288,Lapsed
POL52573,CUST10453,Vehicle,556826.03,25098.41,2022-05-05,2023-05-05,AGT5031,Lapsed
POL52574,CUST11477,Health,658619.65,35120.37,2021-08-28,2022-08-28,AGT5064,Active
POL52575,CUST11180,Property,555918.15,28144.52,2022-07-08,2023-07-08,AGT5232,Active
POL52576,CUST10674,Term,563709.75,26758.28,2025-11-22,2026-11-22,AGT5052,Active
POL52577,CUST11262,Property,628686.72,31268.32,2024-07-25,2025-07-25,AGT5149,Active
POL52578,CUST10566,Term,463866.38,22091.24,2021-07-22,2022-07-22,AGT5283,Lapsed
POL52579,CUST10863,Whole,468682.11,23588.1,2025-12-06,2026-12-06,AGT5292,Active
POL52580,CUST11531,Health,528441.15,26800.65,2025-02-22,2026-02-22,AGT5284,Active
POL52581,CUST10341,Term,407674.65,21491.31,2022-02-12,2023-02-12,AGT5040,Active
POL52582,CUST10517,Whole,476113.35,23644.21,2026-01-14,2027-01-14,AGT5044,Active
POL52583,CUST11465,Health,627694.25,33183.92,2021-10-17,2022-10-17,AGT5052,Lapsed
POL52584,CUST10763,Term,558414.3,25515.31,2020-11-04,2021-11-04,AGT5230,Cancelled
POL52585,CUST10524,Vehicle,388063.09,21038.23,2024-08-23,2025-08-23,AGT5053,Active
POL52586,CUST10062,Term,404672.85,18960.98,2023-05-23,2024-05-23,AGT5128,Active
POL52587,CUST10695,Health,671830.38,35852.75,2022-04-08,2023-04-08,AGT5245,Lapsed
POL52588,CUST10829,Vehicle,739639.57,36942.27,2026-03-27,2027-03-27,AGT5147,Cancelled
POL52589,CUST10677,Property,631824.98,29093.75,2021-03-06,2022-03-06,AGT5282,Lapsed
POL52590,CUST10455,Health,414730.79,20155.1,2023-04-06,2024-04-06,AGT5149,Lapsed
POL52591,CUST10611,Term,521924.89,28279.62,2021-07-30,2022-07-30,AGT5113,Active
POL52592,CUST11068,Vehicle,493466.55,26325.03,2023-09-08,2024-09-08,AGT5290,Active
POL52593,CUST11475,Whole,687285.18,35892.2,2023-09-21,2024-09-21,AGT5164,Lapsed
POL52594,CUST11076,Health,537981.39,26252.66,2020-12-28,2021-12-28,AGT5055,Active
POL52595,CUST11071,Term,678938.97,34549.78,2022-04-23,2023-04-23,AGT5190,Active
POL52596,CUST11348,Term,519034.8,24561.36,2021-04-05,2022-04-05,AGT5231,Lapsed
POL52597,CUST10277,Term,713218.62,36715.38,2024-07-25,2025-07-25,AGT5251,Active
POL52598,CUST10494,Property,550227.51,26196.0,2025-01-24,2026-01-24,AGT5001,Active
POL52599,CUST10086,Term,540728.21,28815.44,2023-03-18,2024-03-18,AGT5032,Lapsed
POL52600,CUST10579,Property,573302.9,29837.54,2022-06-09,2023-06-09,AGT5188,Active
POL52601,CUST11646,Term,607273.9,29671.95,2023-02-02,2024-02-02,AGT5222,Lapsed
POL52602,CUST10545,Vehicle,715974.28,36940.56,2024-03-28,2025-03-28,AGT5195,Active
POL52603,CUST11422,Vehicle,551031.6,26588.02,2023-11-07,2024-11-07,AGT5114,Active
POL52604,CUST10145,Vehicle,729591.5,33967.25,2023-08-21,2024-08-21,AGT5226,Active
POL52605,CUST10760,Health,487783.92,23097.47,2023-04-11,2024-04-11,AGT5173,Lapsed
POL52606,CUST10581,Property,509960.49,24333.72,2024-10-05,2025-10-05,AGT5277,Active
POL52607,CUST10344,Property,498592.56,23566.56,2024-07-20,2025-07-20,AGT5110,Active
POL52608,CUST10619,Whole,393143.52,20358.37,2026-06-06,2027-06-06,AGT5226,Active
POL52609,CUST11079,Vehicle,698976.41,36624.0,2021-12-28,2022-12-28,AGT5043,Active
POL52610,CUST10813,Health,377731.81,18724.69,2020-12-28,2021-12-28,AGT5219,Lapsed
POL52611,CUST11395,Health,467015.97,25628.87,2020-11-20,2021-11-20,AGT5219,Active
POL52612,CUST11497,Whole,481425.86,25953.77,2022-04-09,2023-04-09,AGT5076,Cancelled
POL52613,CUST10796,Health,610552.86,28006.37,2021-01-25,2022-01-25,AGT5018,Lapsed
POL52614,CUST11621,Health,676405.51,33552.76,2021-04-12,2022-04-12,AGT5297,Active
POL52615,CUST10120,Property,699433.27,37828.69,2022-01-12,2023-01-12,AGT5022,Active
POL52616,CUST10453,Property,508199.36,23988.35,2024-05-24,2025-05-24,AGT5140,Active
POL52617,CUST10692,Health,509515.07,24856.16,2024-12-20,2025-12-20,AGT5000,Lapsed
POL52618,CUST10960,Whole,480109.21,26151.3,2023-01-10,2024-01-10,AGT5125,Active
POL52619,CUST10900,Health,673393.07,35528.64,2021-04-13,2022-04-13,AGT5246,Active
POL52620,CUST10938,Term,426801.06,22758.42,2025-01-28,2026-01-28,AGT5150,Active
POL52621,CUST11482,Whole,751502.47,40426.95,2025-12-13,2026-12-13,AGT5071,Active
POL52622,CUST10455,Term,691910.08,32320.34,2022-04-14,2023-04-14,AGT5118,Active
POL52623,CUST11348,Health,599052.2,31146.37,2021-11-27,2022-11-27,AGT5027,Lapsed
POL52624,CUST10925,Term,676778.58,35888.22,2025-05-22,2026-05-22,AGT5178,Active
POL52625,CUST10813,Property,515648.52,24372.02,2022-10-05,2023-10-05,AGT5001,Active
POL52626,CUST10492,Vehicle,489845.1,22255.43,2022-05-27,2023-05-27,AGT5104,Active
POL52627,CUST10498,Property,531847.03,24881.7,2024-04-02,2025-04-02,AGT5018,Lapsed
POL52628,CUST10647,Term,450785.45,23627.48,2025-01-28,2026-01-28,AGT5071,Active
POL52629,CUST11264,Vehicle,660124.11,34288.76,2021-03-28,2022-03-28,AGT5020,Active
POL52630,CUST10787,Health,516265.34,27835.61,2023-09-11,2024-09-11,AGT5278,Active
POL52631,CUST10257,Vehicle,712836.16,34336.98,2024-11-16,2025-11-16,AGT5231,Lapsed
POL52632,CUST11257,Term,716602.55,36702.55,2023-07-15,2024-07-15,AGT5278,Lapsed
POL52633,CUST11097,Whole,445003.74,20144.4,2022-07-04,2023-07-04,AGT5204,Active
POL52634,CUST11573,Whole,469245.03,25503.86,2026-02-11,2027-02-11,AGT5148,Active
POL52635,CUST10874,Health,493724.08,24955.25,2022-02-08,2023-02-08,AGT5052,Active
POL52636,CUST11083,Whole,430743.57,22607.08,2022-07-25,2023-07-25,AGT5288,Cancelled
POL52637,CUST10791,Vehicle,638606.01,30549.74,2021-02-02,2022-02-02,AGT5275,Active
POL52638,CUST11128,Term,662892.74,30373.44,2021-10-18,2022-10-18,AGT5124,Lapsed
POL52639,CUST10716,Property,662719.89,30238.73,2026-01-27,2027-01-27,AGT5067,Active
POL52640,CUST10229,Term,560885.23,29809.15,2021-07-10,2022-07-10,AGT5116,Active
POL52641,CUST11632,Property,709638.25,33011.99,2020-09-30,2021-09-30,AGT5118,Lapsed
POL52642,CUST11198,Vehicle,607009.69,32317.21,2023-07-10,2024-07-10,AGT5275,Lapsed
POL52643,CUST11009,Property,767540.53,36575.35,2022-09-05,2023-09-05,AGT5020,Active
POL52644,CUST10795,Property,698943.71,35235.65,2021-09-27,2022-09-27,AGT5189,Active
POL52645,CUST11180,Vehicle,651013.83,31000.74,2022-04-04,2023-04-04,AGT5230,Active
POL52646,CUST10213,Whole,432471.58,19677.82,2021-02-18,2022-02-18,AGT5228,Cancelled
POL52647,CUST10539,Term,699136.91,35252.43,2024-09-30,2025-09-30,AGT5057,Active
POL52648,CUST10209,Term,498075.8,24241.95,2025-10-16,2026-10-16,AGT5123,Active
POL52649,CUST10211,Property,546282.0,26959.62,2024-03-28,2025-03-28,AGT5102,Active
POL52650,CUST10039,Vehicle,552923.39,28207.71,2026-06-29,2027-06-29,AGT5122,Active
POL52651,CUST11252,Vehicle,503235.38,24224.04,2024-03-04,2025-03-04,AGT5026,Lapsed
POL52652,CUST10387,Term,422869.4,21413.28,2023-08-09,2024-08-09,AGT5024,Active
POL52653,CUST11372,Health,419777.35,21651.16,2022-02-27,2023-02-27,AGT5007,Active
POL52654,CUST11496,Health,631213.26,28969.82,2021-04-30,2022-04-30,AGT5290,Lapsed
POL52655,CUST10283,Vehicle,624558.11,30291.67,2025-08-03,2026-08-03,AGT5125,Active
POL52656,CUST11176,Whole,747993.97,34332.53,2024-01-29,2025-01-29,AGT5068,Lapsed
POL52657,CUST10761,Term,694737.58,31311.36,2026-08-13,2027-08-13,AGT5239,Cancelled
POL52658,CUST11524,Whole,539854.79,24570.03,2025-09-08,2026-09-08,AGT5148,Active
POL52659,CUST10801,Property,687689.37,35018.62,2023-10-29,2024-10-29,AGT5109,Active
POL52660,CUST10631,Property,606925.24,27823.31,2021-09-04,2022-09-04,AGT5034,Cancelled
POL52661,CUST10484,Term,490723.86,26344.52,2021-07-21,2022-07-21,AGT5115,Lapsed
POL52662,CUST11495,Health,691281.26,36357.55,2021-03-27,2022-03-27,AGT5194,Lapsed
POL52663,CUST10386,Whole,742469.03,33476.58,2022-07-02,2023-07-02,AGT5187,Active
POL52664,CUST11364,Term,424303.71,21525.97,2025-02-02,2026-02-02,AGT5117,Lapsed
POL52665,CUST10330,Vehicle,695301.32,31359.84,2023-05-23,2024-05-23,AGT5183,Cancelled
POL52666,CUST11069,Health,377190.35,17385.44,2025-01-30,2026-01-30,AGT5230,Active
POL52667,CUST10744,Property,742595.39,40755.49,2026-08-12,2027-08-12,AGT5279,Active
POL52668,CUST10173,Whole,625303.93,30996.46,2022-03-21,2023-03-21,AGT5158,Active
POL52669,CUST10211,Health,408303.79,18484.77,2023-08-05,2024-08-05,AGT5068,Lapsed
POL52670,CUST10461,Health,636041.85,34030.24,2022-11-10,2023-11-10,AGT5038,Lapsed
POL52671,CUST11268,Property,583576.01,31614.32,2020-10-02,2021-10-02,AGT5047,Active
POL52672,CUST11211,Property,407926.7,20593.7,2022-10-15,2023-10-15,AGT5003,Active
POL52673,CUST10350,Term,686100.05,35717.97,2024-12-07,2025-12-07,AGT5167,Active
POL52674,CUST10786,Health,625918.37,33049.25,2026-01-08,2027-01-08,AGT5063,Active
POL52675,CUST10162,Term,565405.87,29597.14,2025-04-27,2026-04-27,AGT5067,Active
POL52676,CUST11189,Term,660418.34,32984.74,2025-10-25,2026-10-25,AGT5217,Active
POL52677,CUST11307,Property,400457.11,21355.11,2026-02-01,2027-02-01,AGT5095,Lapsed
POL52678,CUST11478,Vehicle,498244.29,25048.38,2024-03-31,2025-03-31,AGT5248,Lapsed
POL52679,CUST11465,Term,638334.34,30381.54,2021-05-08,2022-05-08,AGT5041,Active
POL52680,CUST10558,Whole,473783.2,21339.51,2024-10-15,2025-10-15,AGT5102,Lapsed
POL52681,CUST10423,Term,553331.94,26884.13,2025-01-16,2026-01-16,AGT5015,Cancelled
POL52682,CUST11482,Whole,743799.5,34085.25,2020-10-18,2021-10-18,AGT5160,Lapsed
POL52683,CUST10244,Health,639363.12,29175.91,2026-07-19,2027-07-19,AGT5037,Active
POL52684,CUST10102,Term,594375.68,29535.86,2025-10-23,2026-10-23,AGT5072,Active
POL52685,CUST10518,Term,601517.28,32744.64,2024-08-18,2025-08-18,AGT5220,Active
POL52686,CUST11259,Property,726497.32,33458.94,2021-07-10,2022-07-10,AGT5264,Lapsed
POL52687,CUST11151,Property,717277.75,34241.05,2023-08-30,2024-08-30,AGT5163,Lapsed
POL52688,CUST11632,Health,380903.86,20302.47,2022-02-20,2023-02-20,AGT5289,Active
POL52689,CUST10595,Whole,564247.29,27658.44,2025-02-13,2026-02-13,AGT5227,Lapsed
POL52690,CUST10452,Whole,458478.66,24110.49,2026-07-07,2027-07-07,AGT5225,Active
POL52691,CUST10630,Health,379126.91,19116.85,2022-10-30,2023-10-30,AGT5297,Lapsed
POL52692,CUST11291,Property,497572.27,25395.75,2025-02-20,2026-02-20,AGT5026,Active
POL52693,CUST10364,Vehicle,608823.36,28378.13,2021-11-01,2022-11-01,AGT5069,Lapsed
POL52694,CUST11571,Whole,690832.57,33521.15,2026-05-27,2027-05-27,AGT5131,Active
POL52695,CUST10850,Whole,736303.4,37711.66,2024-07-04,2025-07-04,AGT5185,Active
POL52696,CUST11291,Whole,547838.11,24799.36,2026-06-20,2027-06-20,AGT5297,Cancelled
POL52697,CUST11364,Whole,547594.38,25673.01,2025-12-08,2026-12-08,AGT5029,Active
POL52698,CUST10790,Term,439965.85,21498.91,2024-09-29,2025-09-29,AGT5068,Active
POL52699,CUST11225,Property,460013.89,23803.85,2026-01-26,2027-01-26,AGT5089,Active
POL52700,CUST10604,Term,420601.8,21070.42,2023-05-15,2024-05-15,AGT5201,Active
POL52701,CUST11336,Vehicle,746890.41,38978.21,2026-06-04,2027-06-04,AGT5285,Lapsed
POL52702,CUST11358,Whole,434125.01,22691.12,2023-11-01,2024-11-01,AGT5281,Active
POL52703,CUST10937,Vehicle,664010.85,30086.7,2022-04-07,2023-04-07,AGT5224,Lapsed
POL52704,CUST10372,Term,502727.08,27155.87,2024-09-30,2025-09-30,AGT5231,Active
POL52705,CUST11604,Health,538001.73,28644.37,2026-01-01,2027-01-01,AGT5124,Active
POL52706,CUST11571,Term,714438.95,34086.37,2023-01-08,2024-01-08,AGT5182,Lapsed
POL52707,CUST11034,Vehicle,731871.3,36480.31,2023-03-06,2024-03-06,AGT5051,Active
POL52708,CUST11627,Vehicle,468807.06,22540.95,2026-08-21,2027-08-21,AGT5152,Active
POL52709,CUST10832,Term,729149.28,39422.49,2022-07-13,2023-07-13,AGT5087,Lapsed
POL52710,CUST10624,Vehicle,473275.82,23109.2,2020-12-02,2021-12-02,AGT5278,Active
POL52711,CUST10761,Health,631679.02,30927.34,2023-10-18,2024-10-18,AGT5110,Active
POL52712,CUST10078,Property,390871.4,21153.62,2022-09-25,2023-09-25,AGT5118,Active
POL52713,CUST10905,Whole,591064.12,30148.37,2024-05-07,2025-05-07,AGT5120,Active
POL52714,CUST11102,Whole,664437.88,30815.76,2023-04-11,2024-04-11,AGT5270,Active
POL52715,CUST10180,Term,701555.22,35961.84,2023-05-28,2024-05-28,AGT5279,Active
POL52716,CUST10425,Term,702390.67,37187.71,2026-06-26,2027-06-26,AGT5129,Active
POL52717,CUST11198,Property,500064.12,24192.31,2025-06-05,2026-06-05,AGT5298,Active
POL52718,CUST11308,Term,706976.58,35539.75,2022-05-28,2023-05-28,AGT5226,Active
POL52719,CUST11631,Vehicle,500338.58,25651.57,2026-06-29,2027-06-29,AGT5253,Active
POL52720,CUST10421,Health,431818.58,21635.91,2023-09-01,2024-09-01,AGT5274,Lapsed
POL52721,CUST11390,Whole,385567.21,21202.82,2024-10-14,2025-10-14,AGT5099,Active
POL52722,CUST10289,Whole,475750.37,23819.84,2023-06-22,2024-06-22,AGT5165,Active
POL52723,CUST10218,Health,391453.59,20133.92,2021-07-29,2022-07-29,AGT5085,Lapsed
POL52724,CUST11212,Vehicle,633126.04,33515.09,2026-06-22,2027-06-22,AGT5092,Lapsed
POL52725,CUST10735,Term,436736.48,20249.65,2024-06-01,2025-06-01,AGT5139,Active
POL52726,CUST11308,Term,604823.81,27482.65,2024-08-29,2025-08-29,AGT5015,Lapsed
POL52727,CUST10464,Health,394263.72,21578.01,2022-06-30,2023-06-30,AGT5064,Cancelled
POL52728,CUST10363,Health,596546.49,31212.86,2022-05-27,2023-05-27,AGT5242,Lapsed
POL52729,CUST10905,Whole,494935.02,24218.57,2025-06-22,2026-06-22,AGT5049,Active
POL52730,CUST10191,Whole,503848.11,22762.19,2020-10-07,2021-10-07,AGT5186,Active
POL52731,CUST10456,Term,625807.0,29202.66,2020-12-01,2021-12-01,AGT5229,Active
POL52732,CUST10278,Term,739707.64,33358.95,2022-05-16,2023-05-16,AGT5078,Active
POL52733,CUST10527,Term,759795.8,37203.08,2024-03-26,2025-03-26,AGT5137,Active
POL52734,CUST11266,Vehicle,513045.65,25933.72,2020-12-28,2021-12-28,AGT5263,Lapsed
POL52735,CUST10203,Term,742523.59,34605.93,2022-07-05,2023-07-05,AGT5250,Lapsed
POL52736,CUST11016,Property,620743.77,31905.34,2023-04-04,2024-04-04,AGT5276,Lapsed
POL52737,CUST10965,Health,667264.0,36394.19,2024-08-20,2025-08-20,AGT5188,Lapsed
POL52738,CUST10890,Property,395723.08,21726.98,2020-09-04,2021-09-04,AGT5266,Active
POL52739,CUST10801,Property,397771.55,21213.82,2022-03-08,2023-03-08,AGT5119,Active
POL52740,CUST11098,Property,413710.98,20453.39,2022-10-10,2023-10-10,AGT5180,Active
POL52741,CUST11408,Vehicle,682060.55,34426.39,2022-05-16,2023-05-16,AGT5200,Active
POL52742,CUST10272,Health,398284.77,19927.41,2025-10-29,2026-10-29,AGT5292,Active
POL52743,CUST11344,Vehicle,444749.13,20706.04,2024-08-31,2025-08-31,AGT5110,Active
POL52744,CUST10104,Vehicle,599281.16,32088.0,2025-04-15,2026-04-15,AGT5262,Lapsed
POL52745,CUST10796,Health,685106.05,35459.66,2021-08-08,2022-08-08,AGT5152,Active
POL52746,CUST10848,Vehicle,592368.52,30435.51,2021-03-10,2022-03-10,AGT5031,Active
POL52747,CUST10337,Term,660985.3,31200.7,2022-04-19,2023-04-19,AGT5196,Lapsed
POL52748,CUST10149,Vehicle,448963.55,20890.99,2026-08-26,2027-08-26,AGT5294,Cancelled
POL52749,CUST10128,Health,669960.92,35997.18,2021-11-08,2022-11-08,AGT5136,Active
POL52750,CUST10062,Term,402816.94,18849.47,2024-03-08,2025-03-08,AGT5164,Active
POL52751,CUST10946,Vehicle,484905.59,22178.22,2021-02-26,2022-02-26,AGT5278,Active
POL52752,CUST10262,Vehicle,549507.74,28165.6,2021-12-26,2022-12-26,AGT5276,Active
POL52753,CUST11332,Health,429160.25,22334.97,2023-07-07,2024-07-07,AGT5120,Cancelled
POL52754,CUST11486,Health,582316.28,26900.81,2022-10-20,2023-10-20,AGT5228,Active
POL52755,CUST10479,Health,587577.35,27656.44,2025-07-18,2026-07-18,AGT5189,Active
POL52756,CUST10275,Whole,466565.34,24675.54,2024-06-30,2025-06-30,AGT5194,Active
POL52757,CUST10683,Property,388307.64,21083.49,2023-03-18,2024-03-18,AGT5216,Active
POL52758,CUST11461,Vehicle,406091.92,20209.12,2026-06-23,2027-06-23,AGT5098,Active
POL52759,CUST10668,Term,381663.24,20197.64,2021-04-06,2022-04-06,AGT5091,Lapsed
POL52760,CUST10179,Term,726907.7,35032.59,2022-03-29,2023-03-29,AGT5008,Active
POL52761,CUST11629,Health,567582.99,29532.67,2022-06-27,2023-06-27,AGT5256,Active
POL52762,CUST10828,Whole,438297.58,22165.67,2022-07-16,2023-07-16,AGT5083,Lapsed
POL52763,CUST10568,Property,420617.48,22474.48,2024-01-22,2025-01-22,AGT5202,Active
POL52764,CUST11479,Term,693412.44,36583.75,2024-09-30,2025-09-30,AGT5205,Active
POL52765,CUST11536,Whole,697250.24,33357.4,2022-08-10,2023-08-10,AGT5211,Active
POL52766,CUST10825,Vehicle,728549.5,33873.58,2024-02-22,2025-02-22,AGT5258,Active
POL52767,CUST10503,Health,405745.72,21535.59,2024-10-09,2025-10-09,AGT5260,Lapsed
POL52768,CUST10798,Vehicle,575419.86,26082.59,2021-11-14,2022-11-14,AGT5000,Lapsed
POL52769,CUST10374,Property,431768.28,22361.45,2021-06-27,2022-06-27,AGT5252,Active
POL52770,CUST10789,Whole,691321.23,34399.55,2023-12-31,2024-12-31,AGT5062,Lapsed
POL52771,CUST10388,Term,538862.95,24654.59,2022-06-24,2023-06-24,AGT5193,Active
POL52772,CUST11039,Whole,652892.84,33875.74,2021-03-09,2022-03-09,AGT5201,Active
POL52773,CUST11258,Whole,396670.77,19765.61,2024-01-28,2025-01-28,AGT5016,Lapsed
POL52774,CUST11604,Health,622275.85,33354.62,2024-06-11,2025-06-11,AGT5085,Cancelled
POL52775,CUST11391,Health,430320.2,20262.19,2023-12-13,2024-12-13,AGT5273,Active
POL52776,CUST10146,Term,703029.86,31652.51,2022-12-06,2023-12-06,AGT5042,Active
POL52777,CUST10362,Term,452405.01,20948.55,2025-12-06,2026-12-06,AGT5069,Active
POL52778,CUST10880,Whole,689187.44,32871.55,2023-04-18,2024-04-18,AGT5024,Cancelled
POL52779,CUST10428,Term,432661.34,22291.77,2021-07-03,2022-07-03,AGT5050,Lapsed
POL52780,CUST10027,Whole,640415.64,31141.13,2023-04-29,2024-04-29,AGT5191,Active
POL52781,CUST11249,Property,685014.61,31635.67,2022-07-21,2023-07-21,AGT5252,Cancelled
POL52782,CUST10593,Health,485181.5,26595.58,2026-04-14,2027-04-14,AGT5178,Active
POL52783,CUST10111,Health,435516.41,20069.59,2024-12-13,2025-12-13,AGT5085,Active
POL52784,CUST10843,Vehicle,508231.43,24675.25,2023-06-26,2024-06-26,AGT5257,Active
POL52785,CUST11614,Health,453807.08,24399.41,2023-03-29,2024-03-29,AGT5110,Lapsed
POL52786,CUST11124,Vehicle,617299.19,31807.05,2023-03-13,2024-03-13,AGT5094,Active
POL52787,CUST10266,Vehicle,394844.34,19030.7,2023-02-19,2024-02-19,AGT5151,Active
POL52788,CUST10853,Property,400953.01,21933.52,2020-11-02,2021-11-02,AGT5041,Lapsed
POL52789,CUST11491,Vehicle,486778.04,24344.25,2024-01-11,2025-01-11,AGT5106,Active
POL52790,CUST10091,Term,487165.34,21961.95,2026-06-02,2027-06-02,AGT5239,Active
POL52791,CUST11061,Health,411974.58,18564.25,2023-03-14,2024-03-14,AGT5182,Lapsed
POL52792,CUST11198,Vehicle,648956.05,35309.76,2025-03-17,2026-03-17,AGT5296,Lapsed
POL52793,CUST11167,Whole,394148.73,18844.96,2024-05-13,2025-05-13,AGT5232,Active
POL52794,CUST10250,Property,740830.39,39353.39,2022-06-27,2023-06-27,AGT5108,Active
POL52795,CUST11502,Term,670481.22,30463.72,2022-02-16,2023-02-16,AGT5230,Active
POL52796,CUST10530,Property,540138.72,25099.8,2023-09-30,2024-09-30,AGT5259,Lapsed
POL52797,CUST10087,Property,715689.75,38337.92,2021-06-08,2022-06-08,AGT5189,Lapsed
POL52798,CUST10142,Whole,622989.1,34227.59,2023-12-07,2024-12-07,AGT5228,Active
POL52799,CUST10756,Property,604538.38,27518.12,2024-01-25,2025-01-25,AGT5151,Active
POL52800,CUST10069,Whole,505511.88,23595.46,2022-06-08,2023-06-08,AGT5273,Cancelled
POL52801,CUST11287,Term,634474.43,33138.04,2025-03-16,2026-03-16,AGT5071,Active
POL52802,CUST11432,Whole,438782.46,22068.58,2023-01-11,2024-01-11,AGT5127,Active
POL52803,CUST10025,Whole,587086.23,28802.25,2023-02-03,2024-02-03,AGT5076,Active
POL52804,CUST11334,Whole,429702.37,20172.24,2020-09-16,2021-09-16,AGT5030,Active
POL52805,CUST11620,Vehicle,546265.54,29746.54,2025-07-08,2026-07-08,AGT5184,Active
POL52806,CUST10052,Whole,622264.42,29073.86,2025-12-03,2026-12-03,AGT5035,Cancelled
POL52807,CUST11204,Health,404426.2,19271.92,2023-06-08,2024-06-08,AGT5067,Active
POL52808,CUST11647,Vehicle,461961.21,22286.39,2020-12-31,2021-12-31,AGT5228,Lapsed
POL52809,CUST11313,Property,698104.22,32382.15,2020-12-31,2021-12-31,AGT5072,Active
POL52810,CUST10837,Health,439499.5,22134.22,2025-08-27,2026-08-27,AGT5258,Active
POL52811,CUST11464,Whole,421789.08,20420.18,2024-07-28,2025-07-28,AGT5014,Active
POL52812,CUST11174,Whole,512315.7,26168.3,2022-09-03,2023-09-03,AGT5137,Active
POL52813,CUST10479,Term,738255.89,35937.25,2021-04-04,2022-04-04,AGT5020,Lapsed
POL52814,CUST10382,Term,646178.05,29830.32,2022-06-01,2023-06-01,AGT5017,Lapsed
POL52815,CUST10850,Term,601028.19,32290.82,2023-07-25,2024-07-25,AGT5237,Active
POL52816,CUST10620,Property,708561.55,35496.47,2022-08-30,2023-08-30,AGT5020,Lapsed
POL52817,CUST10545,Term,633361.44,30539.74,2021-01-14,2022-01-14,AGT5267,Cancelled
POL52818,CUST10301,Whole,697291.0,31492.2,2025-02-12,2026-02-12,AGT5179,Cancelled
POL52819,CUST11396,Property,638005.45,32524.54,2024-09-20,2025-09-20,AGT5144,Active
POL52820,CUST11169,Property,717739.26,37914.61,2025-02-09,2026-02-09,AGT5275,Active
POL52821,CUST10548,Health,568402.86,29273.1,2020-12-28,2021-12-28,AGT5116,Active
POL52822,CUST10399,Whole,486976.82,25749.97,2021-11-26,2022-11-26,AGT5119,Active
POL52823,CUST10215,Vehicle,393542.66,18319.36,2021-07-15,2022-07-15,AGT5122,Active
POL52824,CUST10185,Vehicle,417811.05,22861.38,2025-02-12,2026-02-12,AGT5195,Active
POL52825,CUST11043,Property,582291.63,27433.7,2023-08-24,2024-08-24,AGT5254,Active
POL52826,CUST10179,Health,690118.93,32896.45,2022-01-06,2023-01-06,AGT5162,Lapsed
POL52827,CUST11588,Whole,677392.75,33953.16,2024-09-23,2025-09-23,AGT5084,Active
